"","name_of_city","state_code","state_name","dist_code","population_total","population_male","population_female","X0.6_population_total","X0.6_population_male","X0.6_population_female","literates_total","literates_male","literates_female","sex_ratio","child_sex_ratio","effective_literacy_rate_total","effective_literacy_rate_male","effective_literacy_rate_female","location","total_graduates","male_graduates","female_graduates"
"2","Achalpur",27,"MAHARASHTRA",7,78,58256,54037,50,301,5624,92433,49347,43086,928,909,91.99,94.77,89,"21.257584,77.5086754",8863,5269,3594
"3","Adilabad",28,"ANDHRA PRADESH",1,101,59232,58156,95,333,6372,83955,46295,37660,982,947,80.51,88.18,72.73,"19.0809075,79.560344",10565,6797,3768
"4","Adityapur",20,"JHARKHAND",24,260,91495,82493,284,43,10979,125985,71470,54515,902,910,83.46,89.98,76.23,"22.7834741,86.1576889",19225,12189,7036
"5","Adoni",28,"ANDHRA PRADESH",21,242,82743,83794,227,464,9051,101292,56203,45089,1013,968,68.38,76.58,60.33,"15.6322227,77.2728368",11902,7871,4031
"7","Agra",9,"UTTAR PRADESH",15,229,849771,724771,235,14,81237,880530,503805,376725,853,772,63.44,67.67,58.54,"27.1766701,78.0080745",185813,106082,79731
"8","Ahmadabad",24,"GUJARAT",7,459,2935869,2634716,429,194,271159,4464303,2459823,2004480,897,853,89.62,93.96,84.81,"23.022505,72.5713621",769858,435267,334591
"9","Ahmadnagar",27,"MAHARASHTRA",26,411,179755,171150,376,138,16964,287468,152819,134649,952,859,91.49,95.51,87.33,"19.0952075,74.7495916",51661,29832,21829
"10","Aizawl",15,"MIZORAM",3,381,143803,148019,371,126,17480,253588,125256,128332,1029,989,98.8,99.3,98.31,"23.727107,92.7176389",26832,14900,11932
"11","Ajmer",8,"RAJASTHAN",21,456,278786,263794,432,192,27890,422913,230586,192327,946,884,87.53,93.26,81.53,"26.4498954,74.6399163",77989,42454,35535
"14","Alandur",33,"TAMIL NADU",3,237,82190,81972,140,373,7150,142415,72755,69660,997,975,95.15,97.2,93.1,"12.9974873,80.2006371",45971,25463,20508
"15","Alappuzha",32,"KERALA",11,261,83888,90276,156,403,7500,153269,74454,78815,1076,945,96.56,98.03,95.21,"9.4980667,76.3388484",22263,9900,12363
"16","Aligarh",9,"UTTAR PRADESH",12,485,463123,409452,36,296,53038,533969,303886,230083,884,875,70.36,75.5,64.55,"27.8973944,78.0880129",99341,55965,43376
"17","Allahabad",9,"UTTAR PRADESH",44,72,601363,515731,2,256,47896,877590,493181,384409,858,876,86.5,90.21,82.17,"25.4358011,81.846311",233129,138248,94881
"18","Alwar",8,"RAJASTHAN",6,396,166900,148410,370,132,15714,243634,138737,104897,889,833,86.78,93.72,79.05,"27.5529907,76.6345735",58764,35297,23467
"19","Ambala",6,"HARYANA",2,293,103533,92683,251,20,8932,155780,85004,70776,895,834,88.23,91.58,84.51,"30.3781788,76.7766974",34943,17809,17134
"20","Ambala Sadar",6,"HARYANA",2,29,54241,50027,484,250,4407,83236,43444,39792,922,841,87.97,88.66,87.22,"30.3248708,76.8432663",20618,10689,9929
"21","Ambarnath",27,"MAHARASHTRA",21,355,133006,120997,319,79,13059,201707,111273,90434,910,906,89.04,93.82,83.78,"19.1825167,73.1926023",26596,14444,12152
"22","Ambattur",33,"TAMIL NADU",1,443,241181,236953,404,163,22151,401253,208748,192505,982,960,92.69,95.71,89.62,"13.1143167,80.1480551",97186,52224,44962
"23","Ambikapur",22,"CHHATTISGARH",2,85,59673,54902,89,342,6108,89590,48950,40640,920,887,88.2,92.73,83.29,"23.1354921,83.1817856",20857,12369,8488
"24","Ambur",33,"TAMIL NADU",4,81,56052,57804,60,302,5934,88309,45439,42870,1031,955,86.83,91.18,82.65,"12.7903613,78.7166084",7813,5076,2737
"25","Amravati",27,"MAHARASHTRA",7,471,330544,316257,437,195,29784,543568,284490,259078,957,910,93.03,95.52,90.44,"20.9374238,77.7795513",91996,51456,40540
"26","Amreli",24,"GUJARAT",13,41,55166,50814,487,254,4499,85975,46721,39254,921,835,89.47,93.85,84.75,"21.6031774,71.2220832",11305,6579,4726
"27","Amritsar",3,"PUNJAB",15,80,602754,530007,23,291,49484,872527,478062,394465,879,824,85.27,88.09,82.09,"31.6339793,74.8722642",140359,69241,71118
"28","Amroha",9,"UTTAR PRADESH",6,294,102804,94331,315,74,13056,108772,60621,48151,918,946,63.88,68.11,59.24,"28.9043537,78.4673426",13879,7635,6244
"29","Anand",24,"GUJARAT",15,297,102359,94992,255,18,9362,166211,88444,77767,928,881,93.71,96.42,90.82,"22.5645175,72.928871",29803,17331,12472
"30","Anantapur",28,"ANDHRA PRADESH",22,359,131506,130834,287,49,11221,195452,105452,90000,995,904,81.88,88.54,75.24,"14.6818877,77.6005911",43700,27392,16308
"31","Anantnag",1,"JAMMU & KASHMIR",14,57,56030,52475,220,476,8423,71408,39591,31817,937,874,78.95,85.33,72.23,"33.7311255,75.1487007",12666,7291,5375
"32","Arrah",10,"BIHAR",29,358,139319,121780,368,130,16063,189080,107822,81258,874,875,83.41,89.14,76.86,"25.5560443,84.6603307",35354,25045,10309
"33","Asansol",19,"WEST BENGAL",9,460,293748,270743,427,187,26651,431300,236683,194617,922,908,84.82,89.52,79.73,"23.6739452,86.9523954",65625,40231,25394
"34","Ashoknagar Kalyangarh",19,"WEST BENGAL",11,132,62554,61352,471,229,4321,106337,55398,50939,981,947,92.45,95.53,89.32,"22.84039,88.6241351",11992,7093,4899
"35","Aurangabad",10,"BIHAR",33,13,53307,48213,131,385,6744,75796,42338,33458,904,893,86.89,92.52,80.68,"24.7457189,84.3804888",13141,9371,3770
"36","Aurangabad",10,"BIHAR",33,13,53307,48213,131,385,6744,75796,42338,33458,904,893,86.89,92.52,80.68,"24.7457189,84.3804888",159308,96576,62732
"37","Aurangabad",27,"MAHARASHTRA",19,98,610377,560953,152,413,70156,908725,497404,411321,919,859,89.13,94.08,83.81,"19.8761653,75.3433139",13141,9371,3770
"38","Aurangabad",27,"MAHARASHTRA",19,98,610377,560953,152,413,70156,908725,497404,411321,919,859,89.13,94.08,83.81,"19.8761653,75.3433139",159308,96576,62732
"39","Avadi",33,"TAMIL NADU",1,408,175055,169646,362,114,16409,275881,145729,130152,969,965,88.63,92.2,84.94,"13.1067448,80.0969511",51647,27742,23905
"40","Azamgarh",9,"UTTAR PRADESH",60,65,58033,52947,76,338,5839,85008,46587,38421,912,860,86.43,90.91,81.56,"26.0737044,83.1859458",19911,11691,8220
"41","Badlapur",27,"MAHARASHTRA",21,262,91695,83821,203,455,8098,146259,78910,67349,914,890,92.38,95.53,88.94,"19.1667854,73.2367896",25115,13878,11237
"42","Bagaha",10,"BIHAR",1,79,59946,53066,244,481,9268,56998,34751,22247,885,946,60.67,69.3,50.79,"27.1221959,84.0722375",3744,2756,988
"43","Bagalkot",29,"KARNATAKA",2,75,56837,55231,70,313,5923,85860,46623,39237,972,915,86.15,92.58,79.58,"16.1725355,75.6557206",14090,9038,5052
"44","Bahadurgarh",6,"HARYANA",15,254,91736,78690,260,33,8954,132108,75714,56394,858,784,88.04,94.27,80.87,"28.6924464,76.9239727",22521,13025,9496
"45","Baharampur",19,"WEST BENGAL",7,291,100431,94932,101,334,6487,164445,86535,77910,945,962,90.29,92.36,88.09,"24.0988265,88.2679264",32154,19679,12475
"46","Bahraich",9,"UTTAR PRADESH",49,283,98529,87712,282,42,10782,122602,66544,56058,890,895,75.03,76.94,72.87,"27.7525271,81.4278984",20490,11537,8953
"47","Baidyabati",19,"WEST BENGAL",12,124,62550,58531,455,215,3990,100590,53217,47373,936,958,89.08,91.15,86.86,"22.795783,88.3190717",17224,10311,6913
"48","Baleshwar Town",21,"ORISSA",8,106,60308,57894,30,271,5430,95084,50372,44712,960,955,88.79,92.22,85.22,"21.4869337,86.9246005",23170,14071,9099
"49","Ballia",9,"UTTAR PRADESH",62,30,55706,48565,18,276,5018,80964,45467,35497,872,868,86.62,91.07,81.51,"25.7584381,84.1487319",16114,10252,5862
"50","Bally",19,"WEST BENGAL",15,382,156734,135238,353,81,17276,216902,119508,97394,863,1185,83.39,84.07,82.56,"22.6500518,88.3423199",12354,7562,4792
"51","Bally",19,"WEST BENGAL",15,382,156734,135238,353,81,17276,216902,119508,97394,863,1185,83.39,84.07,82.56,"22.6500518,88.3423199",36100,22170,13930
"52","Bally",19,"WEST BENGAL",15,88,59951,55764,481,239,4705,95665,51534,44131,930,964,90.14,93.58,86.43,"22.6500518,88.3423199",12354,7562,4792
"53","Bally",19,"WEST BENGAL",15,88,59951,55764,481,239,4705,95665,51534,44131,930,964,90.14,93.58,86.43,"22.6500518,88.3423199",36100,22170,13930
"54","Balurghat",19,"WEST BENGAL",5,211,75677,75506,478,235,4634,130230,66954,63276,998,974,91.85,94.41,89.28,"25.2372834,88.7830612",23732,14538,9194
"55","Banda",9,"UTTAR PRADESH",39,219,82215,72173,214,463,8346,113857,64871,48986,878,893,83.3,89.03,76.75,"25.4796224,80.3380213",24015,15215,8800
"56","Bankura",19,"WEST BENGAL",13,178,70734,67302,15,259,5258,111073,60272,50801,951,956,87.27,92.4,81.88,"23.2324146,87.0786044",19082,12321,6761
"57","Bansberia",19,"WEST BENGAL",12,26,53807,49992,468,228,4203,81514,44671,36843,929,930,85.73,90.63,80.46,"22.951904,88.4070629",8566,5264,3302
"58","Banswara",8,"RAJASTHAN",27,3,51240,48888,64,326,5642,76438,41404,35034,954,855,86.98,92.76,81.01,"23.5461394,74.4349761",13852,7837,6015
"59","Baran",8,"RAJASTHAN",30,104,61360,56797,149,401,7003,83879,48209,35670,926,893,81.19,90.08,71.64,"25.1011438,76.5131637",11553,7362,4191
"60","Baranagar",19,"WEST BENGAL",11,349,128432,120034,151,391,7304,215849,114347,101502,935,947,92.46,94.72,90.04,"22.6383016,88.3654386",49711,28274,21437
"61","Barasat",19,"WEST BENGAL",11,374,143732,139711,270,28,10536,236881,123692,113189,972,964,90.42,93.14,87.62,"22.7228159,88.480552",45516,27143,18373
"62","Baraut",9,"UTTAR PRADESH",8,20,54521,48212,109,377,6149,69559,39900,29659,884,832,77.98,84.65,70.51,"29.0998902,77.2606149",12672,7191,5481
"63","Barddhaman",19,"WEST BENGAL",9,395,160631,154007,275,32,10710,260564,138067,122497,959,940,89.07,92.52,85.48,"23.2324214,87.8614793",52387,32325,20062
"64","Bareilly",9,"UTTAR PRADESH",19,489,477438,420729,479,242,44691,563619,316385,247234,881,890,70.17,74.06,65.75,"28.3670355,79.4304381",110691,61065,49626
"65","Baripada Town",21,"ORISSA",7,59,57008,53050,488,249,4705,89421,48388,41033,931,900,89.31,93.45,84.88,"21.9322338,86.7516942",17589,10953,6636
"66","Barnala",3,"PUNJAB",20,94,62302,54152,88,356,5888,82347,46100,36247,869,830,79.59,83.51,75.1,"30.3819446,75.5467979",12665,6213,6452
"67","Barrackpur",19,"WEST BENGAL",11,220,79507,74968,11,263,5118,128459,68159,60300,943,922,89.33,92.16,86.33,"22.7674278,88.3883455",29910,17514,12396
"68","Barshi",27,"MAHARASHTRA",30,113,60857,57716,91,352,5969,91260,49965,41295,948,845,86.47,92.88,79.8,"18.2333856,75.6941478",13351,8564,4787
"69","Basirhat",19,"WEST BENGAL",11,151,64397,62738,13,260,5215,102737,53913,48824,974,947,88.25,91.54,84.88,"22.6574017,88.8671766",20037,12083,7954
"70","Basti",9,"UTTAR PRADESH",54,86,60126,54525,73,319,6027,87065,48473,38592,907,921,85.29,90.46,79.57,"26.8176796,82.7633133",20183,12071,8112
"71","Batala",3,"PUNJAB",1,227,82459,73941,144,408,6670,121138,66101,55037,897,831,85.49,88.81,81.81,"31.8183238,75.2070644",16436,8120,8316
"72","Bathinda",3,"PUNJAB",12,376,151782,134031,342,109,14241,211318,118888,92430,883,865,82.84,87.86,77.16,"30.210994,74.9454745",43428,22471,20957
"73","Beawar",8,"RAJASTHAN",21,198,74946,70863,215,465,8290,110111,61229,48882,946,880,85.96,93.44,78.12,"26.1007337,74.3190747",13767,8257,5510
"74","Begusarai",10,"BIHAR",20,352,133931,117205,381,141,17954,169161,96459,72702,875,897,79.35,84.67,73.25,"25.416675,86.1293792",24616,16492,8124
"75","Belgaum",29,"KARNATAKA",1,445,246407,241885,416,174,24099,396736,208546,188190,982,936,90.49,94.51,86.41,"15.8496953,74.4976741",64200,37682,26518
"76","Bellary",29,"KARNATAKA",11,426,206026,203618,415,170,24250,281768,153275,128493,988,957,78.26,84.83,71.64,"15.1393932,76.9214428",36855,23011,13844
"77","Bengaluru",29,"KARNATAKA",18,482,4401299,4024671,466,224,417854,6775942,3664959,3110983,914,940,89.59,92.63,86.25,"12.9716,77.5946",1591163,908363,682800
"78","Bettiah",10,"BIHAR",1,165,70381,62515,223,478,8518,94663,52547,42116,888,880,82.54,86.57,78,"26.8028048,84.5169757",13438,9372,4066
"79","Betul",23,"MADHYA PRADESH",30,23,52902,50439,25,275,5233,83356,44429,38927,953,907,90.27,94.27,86.11,"21.9108031,77.9011842",17125,9918,7207
"80","Bhadrak",21,"ORISSA",9,52,55094,52275,65,305,5966,76928,41628,35300,949,949,80.88,85.29,76.23,"21.0582737,86.4958396",13311,8191,5120
"81","Bhadravati",29,"KARNATAKA",14,209,75020,75756,125,355,6913,118446,62199,56247,1010,975,86.6,91.56,81.7,"13.8329901,75.7080727",12406,7066,5340
"82","Bhadreswar",19,"WEST BENGAL",12,12,53318,48016,472,232,4307,80249,44493,35756,901,921,86.89,91.47,81.8,"22.8275529,88.3456516",9225,5743,3482
"83","Bhagalpur",10,"BIHAR",22,422,212005,186133,425,183,25714,279469,157049,122420,878,916,81.16,85.38,76.31,"25.3478004,86.9824288",49656,33692,15964
"84","Bhalswa Jahangir Pur",7,"NCT OF DELHI",1,295,106271,90879,320,85,12975,130417,76114,54303,855,884,76.94,83.1,69.71,"28.757322,77.1544",8348,5164,3184
"85","Bharatpur",8,"RAJASTHAN",7,353,134088,118021,349,118,14293,181159,105642,75517,880,829,82.13,90.41,72.8,"27.216981,77.489515",33411,20734,12677
"86","Bharuch",24,"GUJARAT",21,249,86887,81842,178,421,7700,133796,71671,62125,942,916,87.66,91.32,83.79,"21.7051358,72.9958748",14059,8210,5849
"87","Bhatpara",19,"WEST BENGAL",11,420,207876,182591,358,112,15619,307362,172042,135320,878,925,85.86,90.08,81.04,"22.8562412,88.406454",29055,18147,10908
"88","Bhavnagar",24,"GUJARAT",14,463,309447,284321,435,197,28314,455242,251860,203382,919,838,85.62,91.36,79.44,"21.7644725,72.1519304",51875,30315,21560
"89","Bhilai Nagar",22,"CHHATTISGARH",10,468,322254,303443,443,203,32120,487242,267487,219755,942,917,87.23,93.12,80.99,"21.1938475,81.3509416",81620,43751,37869
"90","Bhilwara",8,"RAJASTHAN",24,414,187952,172057,407,167,21617,264762,150306,114456,915,893,84.27,91.8,76.08,"25.321377,74.586953",41788,24856,16932
"91","Bhimavaram",28,"ANDHRA PRADESH",15,189,70066,72214,61,300,6008,108535,55523,53012,1031,977,83.41,86.87,80.07,"16.544893,81.521241",18298,11541,6757
"92","Bhind",23,"MADHYA PRADESH",3,296,105394,91938,296,65,11167,145530,83903,61627,872,838,84.2,91.12,76.3,"26.4450034,78.7476208",20470,13748,6722
"93","Bhiwadi",8,"RAJASTHAN",6,32,59757,45126,196,453,7804,70987,44697,26290,755,859,80.67,88.2,70.44,"28.2088218,76.8445999",10135,6331,3804
"94","Bhiwandi",27,"MAHARASHTRA",21,477,418478,292851,470,230,42793,507722,314906,192816,700,934,81.53,84.5,77.11,"19.2812547,73.0482912",24688,14404,10284
"95","Bhiwani",6,"HARYANA",13,298,105372,92290,278,50,10063,147807,84028,63779,876,809,84.39,90.42,77.56,"28.7751693,75.9927652",28123,17068,11055
"96","Bhopal",23,"MADHYA PRADESH",27,269,939560,856088,266,22,99022,1354219,741737,612482,911,917,85.24,89.19,80.9,"23.2599333,77.412615",282813,155418,127395
"97","Bhubaneswar Town",21,"ORISSA",17,481,445233,392504,450,211,35670,710243,388164,322079,882,902,93.15,95.69,90.26,"20.2960587,85.8245398",200788,121563,79225
"98","Bhuj",24,"GUJARAT",1,202,77900,69223,171,419,7529,114822,64172,50650,889,900,87.5,92.29,82.1,"23.2419997,69.6669324",16457,9536,6921
"99","Bhusawal",27,"MAHARASHTRA",3,285,96655,91095,248,13,8944,152103,81544,70559,942,852,90.37,94.64,85.89,"21.0455204,75.8010962",19815,11257,8558
"100","Bid",27,"MAHARASHTRA",27,200,75655,70582,249,17,8954,112171,61135,51036,933,843,88.56,94.01,82.81,"18.9890893,75.7600785",19030,12252,6778
"101","Bidar",29,"KARNATAKA",4,316,109435,102509,302,62,11974,163781,89472,74309,937,914,87.65,92.88,82.08,"17.9148799,77.5046101",25910,16824,9086
"102","Bidhan Nagar",19,"WEST BENGAL",11,324,111363,106960,80,316,6286,185885,97604,88281,960,967,90.44,93.08,87.69,"22.5867296,88.4170988",65863,35756,30107
"103","Biharsharif",10,"BIHAR",27,385,154915,141974,398,159,20888,189420,110247,79173,916,918,74.8,83.42,65.39,"25.1982147,85.5148735",28092,20487,7605
"104","Bijapur",29,"KARNATAKA",3,402,165122,161238,382,143,18652,239631,128615,111016,976,911,83.43,88.92,77.86,"16.8301708,75.710031",37265,24355,12910
"105","Bikaner",8,"RAJASTHAN",3,472,340894,306910,456,219,38984,451663,259367,192296,900,901,79.86,87.15,71.77,"28.0229348,73.3119159",73369,44965,28404
"106","Bilaspur",22,"CHHATTISGARH",7,404,169738,160368,374,134,17281,260654,141169,119485,945,902,88.76,93.76,83.51,"22.0796251,82.1391412",67396,38607,28789
"107","Bokaro Steel City",20,"JHARKHAND",10,428,220088,193846,414,176,22776,310127,179188,130939,881,874,84.94,92.35,76.54,"23.6692956,86.151112",61034,39496,21538
"108","Bongaon",19,"WEST BENGAL",11,63,56416,54252,464,222,4065,92253,48799,43454,962,927,90.25,93.79,86.58,"23.0440381,88.827703",10286,6684,3602
"109","Botad",24,"GUJARAT",14,160,67778,62524,191,443,7765,94563,53275,41288,922,874,83.21,90.47,75.4,"22.1704232,71.6684269",4578,2997,1581
"110","Brahmapur Town",21,"ORISSA",19,413,185584,170239,335,99,13965,293818,159550,134268,917,898,90.04,93.83,85.92,"19.3149618,84.7940911",50782,32587,18195
"111","Budaun",9,"UTTAR PRADESH",18,231,83475,75746,250,10,9193,101914,56012,45902,907,882,73,76.67,68.97,"28.0337088,79.1205419",19204,10705,8499
"112","Bulandshahr",9,"UTTAR PRADESH",11,331,116923,105903,330,101,13044,153135,86408,66727,906,821,78.98,85.53,71.86,"28.406963,77.8498292",32546,18503,14043
"113","Bundi",8,"RAJASTHAN",23,21,53299,49524,57,309,5628,75482,42642,32840,929,877,83.15,90.96,74.81,"25.4305144,75.6499025",13148,8081,5067
"114","Burari",7,"NCT OF DELHI",2,197,77767,67817,222,482,8325,113188,64125,49063,872,849,88.81,94.36,82.47,"28.7535212,77.1948241",17914,11136,6778
"115","Burhanpur",23,"MADHYA PRADESH",50,315,108234,102657,325,82,13479,149339,80909,68430,948,921,81.7,86.44,76.73,"21.3193875,76.2224273",15203,9325,5878
"116","Buxar",10,"BIHAR",30,19,54123,48468,113,371,6379,75752,42601,33151,896,879,85.16,90.91,78.76,"25.4987785,84.1435136",12464,8920,3544
"117","Champdani",19,"WEST BENGAL",12,66,59296,51687,47,293,5587,81883,46888,34995,872,929,82.39,88,75.91,"22.8049456,88.3409338",7167,4654,2513
"118","Chandannagar",19,"WEST BENGAL",12,244,84257,82692,12,262,5202,141572,73393,68179,981,943,90.62,93.21,87.98,"22.8647723,88.36326",30933,17942,12991
"119","Chandausi",9,"UTTAR PRADESH",4,82,60238,54016,136,392,6687,72515,40323,32192,897,865,72.63,76.79,68.02,"28.4480507,78.7796105",15436,8436,7000
"120","Chandigarh",4,"CHANDIGARH",1,492,525226,435561,5,267,48172,743254,426071,317183,829,860,86.77,90.81,81.88,"30.7333148,76.7794179",189312,101491,87821
"121","Chandrapur",27,"MAHARASHTRA",13,399,165125,155911,340,102,14432,263962,142528,121434,944,906,90.81,95.53,85.83,"19.9704597,79.3014845",37686,21317,16369
"122","Chapra",10,"BIHAR",17,305,106250,95347,321,80,13152,141403,78956,62447,897,906,81.3,86.07,75.97,"25.7795649,84.7498886",22852,15710,7142
"123","Chas",20,"JHARKHAND",10,188,75027,66591,217,466,8351,105417,60459,44958,888,886,85.12,92.16,77.19,"23.6388375,86.1700894",15277,10431,4846
"124","Chennai",33,"TAMIL NADU",2,440,2357633,2323454,392,151,205457,3850472,2004498,1845974,986,964,90.33,93.47,87.16,"13.0826802,80.2707184",879695,487428,392267
"125","Chhattarpur",23,"MADHYA PRADESH",8,167,70586,63040,186,438,7570,99154,55244,43910,893,859,84.57,89.43,79.16,"24.728683,79.560344",20807,12484,8323
"126","Chhindwara",23,"MADHYA PRADESH",38,179,70444,67822,118,353,6683,112532,59892,52640,963,946,90.37,94.49,86.1,"22.057437,78.9381729",28233,16058,12175
"127","Chikmagalur",29,"KARNATAKA",16,110,58859,59637,22,266,5332,96586,49742,46844,1013,952,89.79,93.39,86.26,"13.315258,75.7754018",13204,7441,5763
"128","Chilakaluripet",28,"ANDHRA PRADESH",17,15,50201,51349,480,241,4609,66336,36472,29864,1023,938,72.08,80.54,63.89,"16.0924301,80.1623948",9526,6302,3224
"129","Chitradurga",29,"KARNATAKA",12,182,70304,69610,130,375,6933,111514,58257,53257,990,943,88.76,92.54,84.97,"14.2305594,76.3984537",16857,10213,6644
"130","Chittaurgarh",8,"RAJASTHAN",28,93,60229,56180,126,382,6594,86945,48624,38321,933,882,84.96,92.17,77.28,"24.8887435,74.6269216",16833,9875,6958
"131","Chittoor",28,"ANDHRA PRADESH",23,218,76566,77200,111,358,6457,121094,63681,57413,1008,908,86.37,91.69,81.16,"13.2218054,79.1010442",21345,12973,8372
"132","Churu",8,"RAJASTHAN",4,118,61771,58075,185,428,7821,77751,46055,31696,940,919,75.11,86.48,63.07,"28.3174965,74.9851678",8756,5873,2883
"133","Coimbatore",33,"TAMIL NADU",31,42,531017,530430,483,240,47221,885471,457982,427489,999,963,91.74,95.02,88.47,"11.0168445,76.9558321",168145,87123,81022
"134","Cuddalore",33,"TAMIL NADU",16,259,85593,87768,172,412,7787,139388,72083,67305,1025,955,88.54,93.08,84.15,"11.744699,79.7680243",21572,12022,9550
"135","Cuttack",21,"ORISSA",12,466,303530,302477,412,172,23227,508188,272257,235931,997,916,91.17,97.87,84.49,"20.462521,85.8829895",110147,66347,43800
"136","Dabgram",19,"WEST BENGAL",2,109,60708,57756,139,380,7045,76930,42781,34149,951,949,73.98,80.29,67.34,"26.6954603,88.4415998",2532,1703,829
"137","Dallo Pura",7,"NCT OF DELHI",4,221,81425,73530,239,488,8871,111514,62799,48715,903,891,81.92,87.88,75.34,"28.6004677,77.319462",17134,9918,7216
"138","Damoh",23,"MADHYA PRADESH",11,136,65133,59846,145,389,7030,96043,53052,42991,919,915,87.1,92.34,81.4,"23.8380986,79.4421731",16544,9740,6804
"139","Darbhanga",10,"BIHAR",13,383,154970,139146,385,149,19190,205203,115620,89583,898,905,80.88,86.43,74.68,"26.111868,85.896004",38605,26731,11874
"140","Darjiling",19,"WEST BENGAL",1,122,60114,60300,439,200,3107,107242,54710,52532,1003,903,94.18,96.53,91.85,"27.0360066,88.2626751",16319,8829,7490
"141","Datia",23,"MADHYA PRADESH",5,6,52931,47535,62,321,5665,71071,40482,30589,898,864,80.54,87.29,73.06,"25.6653262,78.4609393",12717,7960,4757
"142","Davanagere",29,"KARNATAKA",13,432,220544,214584,402,161,21657,331551,175747,155804,973,946,84.89,88.92,80.76,"14.4663438,75.9238397",40740,24921,15819
"143","Deesa",24,"GUJARAT",2,70,58724,52425,129,397,6402,78219,45479,32740,893,822,80.67,89.29,71.14,"24.2585031,72.1906721",5933,3946,1987
"144","Dehradun",5,"UTTARAKHAND",5,462,303411,275009,431,193,27580,463791,251832,211959,906,873,89.32,92.65,85.66,"30.3164945,78.0321918",136036,70607,65429
"145","Dehri",10,"BIHAR",32,174,72311,64757,226,471,8802,98968,56416,42552,896,920,83.38,89.92,76.05,"24.9277351,84.1909841",14780,10297,4483
"146","Delhi",7,"NCT OF DELHI",99,60,5871362,5136473,59,314,561337,8583105,4776490,3806615,875,866,87.6,91.44,83.2,"28.7041,77.1025",2221137,1210040,1011097
"147","Delhi Cantonment",7,"NCT OF DELHI",8,91,67703,48649,99,369,5956,93971,57144,36827,719,821,91.11,94.54,86.26,"28.5961279,77.1587375",17317,9653,7664
"148","Deoghar",20,"JHARKHAND",5,307,108243,94873,310,76,12022,153807,87540,66267,876,864,86.8,92.8,79.98,"24.4763201,86.6913222",27126,19215,7911
"149","Deoli",7,"NCT OF DELHI",9,251,91173,78237,280,40,10525,123167,72062,51105,858,877,83.85,91.02,75.47,"28.4962152,77.2376414",13046,8694,4352
"150","Deoria",9,"UTTAR PRADESH",59,157,67754,61816,122,367,6578,102802,56719,46083,912,908,88.81,93.73,83.43,"26.4270039,83.804868",25206,15782,9424
"151","Dewas",23,"MADHYA PRADESH",20,380,150193,139245,369,129,16318,218877,122388,96489,927,901,85.83,92.66,78.49,"22.9622672,76.0507949",29848,17581,12267
"152","Dhanbad",20,"JHARKHAND",9,89,615589,545972,143,388,69696,820008,473787,346221,887,908,80.78,87.93,72.69,"23.7956531,86.4303859",104768,69321,35447
"153","Dharmavaram",28,"ANDHRA PRADESH",22,128,62186,59806,54,310,5522,79037,45025,34012,962,857,71.83,80.77,62.66,"14.4137447,77.7126189",7560,5236,2324
"154","Dhaulpur",8,"RAJASTHAN",8,145,67740,58402,204,469,7740,83405,49087,34318,862,818,76.56,84.22,67.74,"26.7025181,77.893391",11782,7680,4102
"155","Dhule",27,"MAHARASHTRA",2,417,193854,182239,399,164,20431,298693,160511,138182,940,879,89.86,94.08,85.4,"20.9042201,74.7748979",38164,23320,14844
"156","Dibrugarh",18,"ASSAM",11,181,72044,66617,53,298,5748,113822,60782,53040,925,940,89.77,92.19,87.14,"27.4728327,94.9119621",20878,12225,8653
"157","Dimapur",13,"NAGALAND",5,131,65017,58760,137,374,7093,95646,51604,44042,904,966,87.48,89.48,85.24,"25.8629885,93.7536663",12902,7442,5460
"158","Dinapur Nizamat",10,"BIHAR",28,275,97129,85112,303,67,11694,123199,70786,52413,876,873,78.4,84.54,71.39,"25.6328264,85.0597137",19777,13707,6070
"159","Dindigul",33,"TAMIL NADU",11,311,102927,104298,224,461,8929,171130,88360,82770,1013,960,90.55,94.38,86.79,"10.3673123,77.9802906",23327,12660,10667
"160","Dum Dum",19,"WEST BENGAL",11,102,61039,56598,442,201,3194,103757,54153,49604,927,917,93.51,94.09,92.88,"22.6470514,88.431683",25287,14288,10999
"161","Durg",22,"CHHATTISGARH",10,363,136537,132142,332,91,14121,210639,113866,96773,968,939,87.94,93.72,82,"21.1904494,81.2849169",38428,21409,17019
"162","Durgapur",19,"WEST BENGAL",9,461,294349,272588,418,175,24553,453604,247176,206428,926,946,87.84,92.1,83.23,"23.5204443,87.3119227",80060,47809,32251
"163","Eluru",28,"ANDHRA PRADESH",15,319,105707,108707,221,451,9077,145516,74521,70995,1028,1003,74.13,77.1,71.26,"16.7106604,81.0952431",23523,14252,9271
"164","English Bazar",19,"WEST BENGAL",6,320,115126,100957,360,131,14564,154875,82428,72447,877,781,84.69,85.44,83.86,"25.0108408,88.1410967",28983,17393,11590
"165","Erode",33,"TAMIL NADU",9,228,78094,78859,115,346,6740,126638,66307,60331,1010,972,88.39,93.18,83.65,"11.3410364,77.7171642",19615,11114,8501
"166","Etah",9,"UTTAR PRADESH",70,114,62966,55666,127,387,6511,90289,50001,40288,884,851,86.43,90.4,81.96,"27.5587505,78.662567",21588,13031,8557
"167","Etawah",9,"UTTAR PRADESH",30,356,135829,120961,329,98,13401,188887,104612,84275,891,863,82.89,86.95,78.35,"26.8458148,79.1096901",38404,22962,15442
"168","Faizabad",9,"UTTAR PRADESH",46,245,87279,80265,188,433,7821,130700,70243,60457,920,903,86.52,89.34,83.45,"26.7732476,82.1441643",30658,17077,13581
"169","Faridabad",6,"HARYANA",20,184,750446,654207,213,472,80965,1042168,592024,450144,872,845,84.88,90.44,78.53,"28.4089123,77.3177894",219974,123138,96836
"170","Farrukhabad-cum-Fatehgarh",9,"UTTAR PRADESH",28,366,145515,130239,356,121,15002,182356,101282,81074,895,865,74.92,79.02,70.35,"27.3826126,79.5940544",31160,18099,13061
"171","Fatehpur",9,"UTTAR PRADESH",41,289,101620,92181,274,37,10228,133418,74561,58857,907,863,77.69,83.06,71.82,"25.8499808,80.8986502",25076,15061,10015
"172","Firozabad",9,"UTTAR PRADESH",16,465,321624,282173,457,221,38896,365347,208434,156913,877,893,70.08,74.95,64.5,"27.1591006,78.3957574",36145,21265,14880
"173","Firozpur",3,"PUNJAB",9,61,58401,51690,43,304,5254,78615,43468,35147,885,839,79.75,83.37,75.69,"30.9331348,74.6224755",14939,7455,7484
"174","Gadag-Betigeri",29,"KARNATAKA",7,256,86165,86648,228,470,8900,132094,70035,62059,1006,935,85.56,91.37,79.82,"15.4324651,75.6380337",15926,9941,5985
"175","Gandhidham",24,"GUJARAT",1,350,132388,116317,346,108,14872,181253,104073,77180,879,909,83.34,89.69,76.08,"23.075297,70.133673",24431,14049,10382
"176","Gandhinagar",24,"GUJARAT",6,312,109479,98820,240,11,8428,177510,95640,81870,903,809,93.7,96.55,90.57,"23.2156354,72.6369415",52343,31129,21214
"177","Ganganagar",8,"RAJASTHAN",1,335,120929,103844,300,71,11117,166449,95374,71075,859,814,83.22,88.9,76.65,"29.9038399,73.8771901",34347,19007,15340
"178","Gangapur City",8,"RAJASTHAN",10,116,62910,56135,176,434,7405,82132,49231,32901,892,852,79.78,90.8,67.52,"26.4846537,76.7278803",9850,6727,3123
"179","Gangawati",29,"KARNATAKA",6,36,52678,52676,96,332,6413,70630,39027,31603,1000,956,76.58,84.9,68.31,"15.431874,76.5314817",6927,4549,2378
"180","Gaya",10,"BIHAR",34,439,245764,217690,430,190,28049,346747,194377,152370,886,906,85.74,90.49,80.35,"24.7954523,84.999431",56679,38831,17848
"181","Ghazipur",9,"UTTAR PRADESH",64,64,58126,52572,79,337,5916,83755,46530,37225,904,873,85.46,90.61,79.79,"25.5840419,83.5770202",18840,11418,7422
"182","Giridih",20,"JHARKHAND",4,84,59924,54523,157,411,7297,84897,46689,38208,910,895,85.75,90.18,80.9,"24.2841482,86.0937312",15112,10138,4974
"183","Godhra",24,"GUJARAT",17,192,73868,69258,208,450,8319,111571,60797,50774,938,920,88.72,93.79,83.32,"22.7788044,73.6142795",12053,7571,4482
"184","Gokal Pur",7,"NCT OF DELHI",3,127,64935,57003,155,416,7017,90904,51785,39119,878,847,85.24,91.41,78.26,"28.703423,77.2840105",15993,9445,6548
"185","Gonda",9,"UTTAR PRADESH",52,83,58484,55869,67,313,5813,82739,45825,36914,955,898,81.07,88.11,73.75,"27.1339913,81.9618968",17212,10185,7027
"186","Gondal",24,"GUJARAT",9,74,58417,53647,45,308,5233,86139,47112,39027,918,823,85.73,90.5,80.61,"21.9619463,70.792297",10557,6003,4554
"187","Gondiya",27,"MAHARASHTRA",11,164,66756,66133,82,329,6183,112490,58721,53769,991,929,93.7,97.7,89.69,"21.4624491,80.2209773",18563,10175,8388
"188","Gorakhpur",9,"UTTAR PRADESH",57,474,353550,317498,436,196,29236,523441,290760,232681,898,887,85.97,90.7,80.72,"26.7605545,83.3731675",123723,73116,50607
"189","Greater Hyderabad",28,"ANDHRA PRADESH",99,475,3500802,3309168,446,206,352022,5047705,2688111,2359594,945,942,82.96,85.96,79.79,"17.3850,78.4867",1164149,685402,478747
"190","Greater Mumbai",27,"MAHARASHTRA",99,134,6736815,5741632,38,290,540139,10237586,5727774,4509812,852,902,90.28,93.32,86.7,"19.0760,72.8777",1802371,964964,837407
"191","Greater Noida",9,"UTTAR PRADESH",10,53,58662,49014,163,427,7005,79757,45878,33879,836,823,86.54,91.48,80.65,"28.4743879,77.5039904",20791,11844,8947
"192","Gudivada",28,"ANDHRA PRADESH",16,107,58941,59348,490,244,4871,89009,46529,42480,1007,959,82.16,86.39,77.98,"16.4410255,80.9926327",12523,7411,5112
"193","Gulbarga",29,"KARNATAKA",25,455,272451,259580,445,204,33073,387470,210817,176653,953,917,83.71,89.19,77.99,"17.329731,76.8342957",65039,40331,24708
"194","Guna",23,"MADHYA PRADESH",41,272,94645,86333,288,53,11099,128463,73169,55294,912,877,81.71,89.24,73.5,"24.6348197,77.2979782",22104,13416,8688
"195","Guntakal",28,"ANDHRA PRADESH",22,146,62695,63784,74,315,6119,86197,47471,38726,1017,942,75.7,84.47,67.16,"15.1674091,77.3736238",11626,7398,4228
"196","Guntur",28,"ANDHRA PRADESH",17,473,323151,328231,433,189,29179,480068,252677,227391,1016,963,81.11,86.28,76.04,"16.3066525,80.4365402",94432,58194,36238
"197","Gurgaon",6,"HARYANA",18,486,475612,401212,21,285,49781,662969,373164,289805,844,846,86.3,89.54,82.46,"28.4594965,77.0266383",233817,126456,107361
"198","Guwahati",18,"ASSAM",23,493,502255,461174,467,218,43589,798726,426401,372325,918,1009,91.11,92.89,89.16,"26.1445169,91.7362365",184065,107093,76972
"199","Gwalior",23,"MADHYA PRADESH",4,35,560887,492618,40,303,51674,800325,452788,347537,878,827,85.2,90.85,78.82,"26.2182871,78.1828308",169264,100039,69225
"200","Habra",19,"WEST BENGAL",11,207,76510,73165,32,277,5412,125800,66495,59305,956,933,90.85,94.04,87.53,"22.8488542,88.6639591",13824,8682,5142
"201","Hajipur",10,"BIHAR",18,203,78561,68565,258,19,9396,100691,57537,43154,873,879,79.26,84.78,72.93,"25.6858392,85.2145907",16319,11371,4948
"202","Haldia",19,"WEST BENGAL",19,303,104852,95910,269,23,10323,159984,88125,71859,915,956,89.06,93.7,83.96,"22.0666742,88.0698118",17487,10784,6703
"203","Haldwani-cum-Kathgodam",5,"UTTARAKHAND",11,226,81918,74142,253,9,9386,111410,60678,50732,905,903,81.75,84.84,78.34,"29.2182644,79.5129767",34329,17783,16546
"204","Halisahar",19,"WEST BENGAL",11,148,66654,60239,10,261,5087,103789,56921,46868,904,923,89.25,93.1,84.98,"22.9441261,88.4193259",10802,6680,4122
"205","Hanumangarh",8,"RAJASTHAN",2,210,79817,71287,218,479,8238,104285,59883,44402,893,848,78.32,85.42,70.42,"29.5815012,74.3294199",16870,9978,6892
"206","Haora",19,"WEST BENGAL",15,47,560577,511584,459,217,39855,888817,477781,411036,913,924,89.86,92.34,87.13,"22.5957689,88.2636394",151490,91001,60489
"207","Hapur",9,"UTTAR PRADESH",9,360,139694,123107,377,139,16892,170325,98394,71931,881,852,75.34,82.08,67.72,"28.7305798,77.7758825",28472,16007,12465
"208","Hardoi",9,"UTTAR PRADESH",24,147,66752,60138,92,347,6098,99217,54470,44747,901,878,87.15,91.07,82.8,"27.2978965,80.1875065",29166,17644,11522
"209","Hardwar",5,"UTTARAKHAND",13,336,120201,105034,311,75,12097,169371,94508,74863,874,873,84.99,88.87,80.55,"29.9456906,78.1642478",38835,20223,18612
"210","Hassan",29,"KARNATAKA",20,168,66380,67343,78,317,6153,109564,55610,53954,1015,944,90.51,92.9,88.17,"13.0068142,76.0995519",21042,11784,9258
"211","Hastsal",7,"NCT OF DELHI",7,264,95068,81965,291,55,11145,129653,75259,54394,862,872,84.68,91.45,76.81,"28.6377129,77.0490264",12901,8095,4806
"212","Hathras",9,"UTTAR PRADESH",13,176,73376,64133,192,455,7590,95524,53918,41606,874,834,79.06,83.88,73.58,"27.6056212,78.0537813",18612,10545,8067
"213","Hazaribag",20,"JHARKHAND",15,190,74267,68227,177,425,7615,113693,61630,52063,919,897,89.95,93.69,85.9,"23.9966213,85.3691068",28889,18311,10578
"214","Hindaun",8,"RAJASTHAN",9,40,56178,49512,158,417,7106,69108,41993,27115,881,852,76.58,87.79,63.94,"26.7454967,77.0330481",7964,5291,2673
"215","Hindupur",28,"ANDHRA PRADESH",22,213,76625,75210,182,415,8046,103538,56177,47361,982,974,76.4,82.18,70.52,"13.8185378,77.4988753",11050,6926,4124
"216","Hinganghat",27,"MAHARASHTRA",8,5,51881,48535,485,248,4506,85599,45728,39871,936,871,94.34,97.91,90.56,"20.5505728,78.8411405",11256,6684,4572
"217","Hisar",6,"HARYANA",12,387,163338,137911,363,128,15499,216978,125172,91806,844,860,81.04,86.13,75,"29.1491875,75.7216527",49148,27629,21519
"218","Hoshangabad",23,"MADHYA PRADESH",32,103,61610,56346,90,349,6048,92317,50943,41374,915,868,87.97,93.22,82.26,"22.744108,77.736967",18980,11072,7908
"219","Hoshiarpur",3,"PUNJAB",4,248,88290,80153,195,458,7658,135094,72533,62561,908,834,89.11,91.68,86.3,"31.5143178,75.911483",26629,13069,13560
"220","Hospet",29,"KARNATAKA",11,309,102923,103236,313,68,12970,143776,77678,66098,1003,960,80.02,86.87,73.23,"15.2688542,76.3909241",17556,10567,6989
"221","Hosur",33,"TAMIL NADU",30,96,59411,57410,103,336,6542,91358,48225,43133,966,970,88.24,91.57,84.79,"12.7409127,77.8252923",15530,8254,7276
"222","Hubli-Dharwad",29,"KARNATAKA",8,490,475980,467877,491,246,48696,736506,389290,347216,983,949,87.28,91.67,82.83,"15.3647083,75.1239547",113864,67478,46386
"223","Hugli-Chinsurah",19,"WEST BENGAL",12,265,88952,88257,39,274,5646,152437,78780,73657,992,980,91.94,94.7,89.16,"22.8858771,88.3919026",31236,17939,13297
"224","Ichalkaranji",27,"MAHARASHTRA",34,379,149691,137879,359,124,15478,223752,123878,99874,921,889,87.85,93.64,81.6,"16.7090008,74.4560807",22644,13707,8937
"225","Imphal",14,"MANIPUR",99,362,128931,136055,309,66,12530,219261,110809,108452,1055,939,91.7,95.87,87.8,"24.8170111,93.9368439",63915,33950,29965
"226","Indore",23,"MADHYA PRADESH",22,292,1020883,939748,279,39,105757,1516434,827975,688459,921,886,87.38,91.84,82.55,"22.7195687,75.8577258",313525,174270,139255
"227","Jabalpur",23,"MADHYA PRADESH",34,37,546561,507775,16,270,51136,841399,453820,387579,929,901,88.9,92.65,84.88,"23.181467,79.9864071",169711,92225,77486
"228","Jagadhri",6,"HARYANA",3,135,67752,57163,112,383,6151,95469,53660,41809,844,822,85.79,89.04,81.96,"30.1680858,77.2969204",18738,9805,8933
"229","Jagdalpur",22,"CHHATTISGARH",15,138,63910,61435,121,363,6612,95303,51905,43398,961,919,85.44,91.51,79.16,"19.0740973,82.008014",16223,9289,6934
"230","Jaipur",8,"RAJASTHAN",12,390,1619280,1454070,379,142,174468,2272724,1282140,990584,898,854,84.34,90.61,77.41,"26.9124336,75.7872709",533148,319107,214041
"231","Jalandhar",3,"PUNJAB",3,484,458015,404181,461,227,38819,665625,363500,302125,882,866,85.5,87.98,82.69,"31.3260152,75.5761829",128924,63657,65267
"232","Jalgaon",27,"MAHARASHTRA",3,438,241228,219240,421,185,22996,363778,198426,165352,909,806,88.96,93.3,84.26,"21.0076578,75.5626039",55315,33154,22161
"233","Jalna",27,"MAHARASHTRA",18,375,147714,137635,378,140,17713,209531,116300,93231,932,886,84.61,91.05,77.74,"19.8296893,75.8800305",23959,15360,8599
"234","Jalpaiguri",19,"WEST BENGAL",2,51,53749,53602,454,214,3951,90455,46484,43971,997,958,91.11,93.67,88.56,"26.5434772,88.7205256",20252,11543,8709
"235","Jamalpur",10,"BIHAR",24,33,56231,48990,69,324,5711,81192,45961,35231,871,867,87.38,92.58,81.4,"25.312717,86.4906091",10638,7165,3473
"236","Jammu",1,"JAMMU & KASHMIR",21,447,265346,238344,396,165,19338,413366,225410,187956,898,829,89.66,93.13,85.82,"32.7266016,74.8570259",121564,65587,55977
"237","Jamnagar",24,"GUJARAT",10,454,276202,253106,419,180,23654,394919,216330,178589,916,862,82.58,86.97,77.83,"22.4707019,70.05773",52049,29513,22536
"238","Jamshedpur",20,"JHARKHAND",12,469,327912,301747,438,198,30126,494893,270876,224017,920,887,87.5,92.15,82.47,"22.8045665,86.2028754",110962,64276,46686
"239","Jamuria",19,"WEST BENGAL",9,195,75574,69397,211,449,8539,93152,54399,38753,918,947,73.11,81.73,63.68,"23.7060688,87.0774107",5436,3961,1475
"240","Jaunpur",9,"UTTAR PRADESH",63,246,88704,79424,219,468,8584,123245,68005,55240,895,908,82.11,85.81,77.98,"25.7490034,82.6987002",24871,14851,10020
"241","Jehanabad",10,"BIHAR",37,18,54868,47588,141,390,6810,70052,39889,30163,867,884,79.66,84.58,73.97,"25.1515827,84.981754",8901,6620,2281
"242","Jetpur Navagadh",24,"GUJARAT",9,112,62331,56219,68,331,5611,89110,49677,39433,902,839,83.86,89.27,77.92,"21.7615246,70.6276279",8846,4677,4169
"243","Jhansi",9,"UTTAR PRADESH",35,450,268101,239192,422,182,24047,381771,214375,167396,892,868,83.81,89.18,77.81,"25.4484257,78.5684594",78757,45368,33389
"244","Jhunjhunun",8,"RAJASTHAN",5,115,61906,57060,189,442,7676,76183,44962,31221,922,864,74.4,84.8,63.22,"28.1288747,75.3995089",10403,6482,3921
"245","Jind",6,"HARYANA",9,241,88561,77664,238,7,8545,123267,71129,52138,877,831,83.63,90.86,75.43,"29.3211153,76.3058328",21508,12601,8907
"246","Jodhpur",8,"RAJASTHAN",15,24,544057,489861,77,330,59881,740011,422120,317891,900,898,81.56,88.42,73.93,"26.2389469,73.0243094",140922,84420,56502
"247","Junagadh",24,"GUJARAT",12,398,164091,156159,318,84,12724,259563,139317,120246,952,868,88.63,93.23,83.83,"21.522184,70.4578768",36910,20964,15946
"248","Kadapa",28,"ANDHRA PRADESH",20,406,171797,170026,373,133,17423,242540,131847,110693,990,923,79.38,86.22,72.54,"14.4673541,78.8241339",41997,27337,14660
"249","Kaithal",6,"HARYANA",5,193,76657,67976,193,457,7534,103329,59162,44167,887,823,80.76,87.65,73.07,"29.7856734,76.3984537",18095,10125,7970
"250","Kakinada",28,"ANDHRA PRADESH",14,393,152596,159659,317,73,13404,231559,117829,113730,1046,973,81.23,84.88,77.76,"16.9890648,82.2474648",47823,29439,18384
"251","Kalol",24,"GUJARAT",6,77,59380,52746,56,323,5463,88768,49439,39329,888,831,88.69,93.62,83.18,"23.2463895,72.5086513",14208,8671,5537
"252","Kalyani",19,"WEST BENGAL",10,9,50867,49753,451,210,3714,82553,43591,38962,978,955,88.75,92.79,84.63,"22.9750855,88.4345078",17457,9775,7682
"253","Kamarhati",19,"WEST BENGAL",11,405,174840,161739,290,47,11539,275870,147547,128323,925,936,88.22,90.79,85.43,"22.6846668,88.3706491",50367,29437,20930
"254","Kancheepuram",33,"TAMIL NADU",3,238,81990,82275,138,372,7133,132348,69538,62810,1003,973,88.35,93.14,83.59,"12.8341735,79.7036402",18625,10805,7820
"255","Kanchrapara",19,"WEST BENGAL",11,130,61770,60411,465,223,4126,103194,54213,48981,978,936,90.8,94.51,87.02,"22.944101,88.4335019",13808,8265,5543
"256","Kanpur",9,"UTTAR PRADESH",33,367,1502370,1264661,304,69,115629,2116973,1172323,944650,842,853,84.14,85.77,82.21,"26.449923,80.3318736",459611,250241,209370
"257","Kanpur",9,"UTTAR PRADESH",33,367,1502370,1264661,304,69,115629,2116973,1172323,944650,842,853,84.14,85.77,82.21,"26.449923,80.3318736",12635,6841,5794
"258","Kanpur",9,"UTTAR PRADESH",33,55,58505,49530,14,268,5133,77484,44086,33398,847,914,79.65,83.36,75.23,"26.449923,80.3318736",459611,250241,209370
"259","Kanpur",9,"UTTAR PRADESH",33,55,58505,49530,14,268,5133,77484,44086,33398,847,914,79.65,83.36,75.23,"26.449923,80.3318736",12635,6841,5794
"260","Karaikkudi",33,"TAMIL NADU",21,45,53425,53368,489,243,4895,88380,46114,42266,999,970,91.25,95.32,87.19,"10.0731315,78.7801544",11778,6464,5314
"261","Karawal Nagar",7,"NCT OF DELHI",3,334,120284,104382,344,111,14114,163801,94870,68931,868,837,84.57,91.74,76.36,"28.7283102,77.276926",14478,9446,5032
"262","Karimnagar",28,"ANDHRA PRADESH",3,357,131769,129130,301,57,12204,204614,110146,94468,980,951,86.75,92.61,80.79,"18.4385553,79.1288412",52034,33192,18842
"263","Karnal",6,"HARYANA",6,377,151668,135306,347,119,13972,220711,121652,99059,892,807,86.32,90.55,81.64,"29.6856929,76.9904825",52911,27708,25203
"264","Kasganj",9,"UTTAR PRADESH",71,11,53507,47734,93,360,5904,69289,38933,30356,892,827,78.56,83.97,72.57,"27.8129344,78.649785",13306,7833,5473
"265","Kashipur",5,"UTTARAKHAND",12,126,63625,57985,134,398,6589,89433,49030,40403,911,846,83.4,87.82,78.61,"29.2104232,78.9618845",20036,10750,9286
"266","Katihar",10,"BIHAR",10,337,119142,106840,345,104,14982,155706,87581,68125,897,933,79.87,84.96,74.16,"25.552048,87.5718609",24259,17105,7154
"267","Khammam",28,"ANDHRA PRADESH",10,281,91019,93233,202,441,8255,136532,71580,64952,1024,930,81.7,87.14,76.43,"17.2472528,80.1514447",29400,18405,10995
"268","Khandwa",23,"MADHYA PRADESH",49,301,102873,97808,293,54,11420,153609,82575,71034,951,902,86.98,91.53,82.23,"21.8257334,76.352571",24431,13708,10723
"269","Khanna",3,"PUNJAB",7,154,67811,60319,100,366,5986,97022,53108,43914,890,828,84.43,87.67,80.82,"30.697852,76.2112286",16767,8279,8488
"270","Kharagpur",19,"WEST BENGAL",18,310,106735,100188,216,454,8647,163915,89075,74840,939,952,86.64,91.22,81.76,"22.34601,87.2319753",24881,14511,10370
"271","Khardaha",19,"WEST BENGAL",11,69,56792,54338,440,199,3173,99848,51668,48180,957,932,95.5,96.78,94.17,"22.7002943,88.3753455",21522,12228,9294
"272","Khargone",23,"MADHYA PRADESH",23,44,54684,51768,106,351,6358,77216,42390,34826,947,906,82.96,88.94,76.69,"21.90287,75.8069082",12584,7745,4839
"273","Khora",9,"UTTAR PRADESH",9,287,102669,86741,314,78,12249,140013,82194,57819,845,854,86,93.06,77.62,"28.753915,77.3999054",10482,7313,3169
"274","Khurja",9,"UTTAR PRADESH",11,68,58577,52512,161,426,7008,64643,37048,27595,896,824,67.63,73.99,60.64,"28.2513538,77.8538797",10529,5967,4562
"275","Kirari Suleman Nagar",7,"NCT OF DELHI",1,373,152135,130463,388,147,19571,191624,113079,78545,858,925,79.22,86.33,70.83,"28.6967948,77.0643614",10621,7340,3281
"276","Kishanganj",10,"BIHAR",8,46,55688,51388,200,436,8274,67286,37482,29804,923,946,74.71,79.84,69.13,"26.0917422,87.9383822",7847,5536,2311
"277","Kishangarh",8,"RAJASTHAN",21,223,80343,74676,272,34,10163,106809,61313,45496,929,876,80.15,89.19,70.52,"26.5870344,74.856397",13054,8153,4901
"278","Kochi",32,"KERALA",8,464,296668,304906,423,178,25603,535318,265256,270062,1028,953,97.49,98.31,96.69,"9.9312328,76.2673041",115773,54538,61235
"279","Kolar",29,"KARNATAKA",27,180,70064,68489,174,409,7938,102978,54121,48857,978,985,84.02,87.28,80.69,"13.1357446,78.1325611",11508,7007,4501
"280","Kolhapur",27,"MAHARASHTRA",34,457,280820,268463,417,179,22669,459999,244256,215743,956,832,92.12,96.32,87.77,"16.7049873,74.2432527",92443,52599,39844
"281","Kolkata",19,"WEST BENGAL",16,435,2362662,2124017,339,100,144577,3648210,1966122,1682088,899,930,87.14,89.08,84.98,"22.572646,88.363895",818476,461615,356861
"282","Kollam",32,"KERALA",13,409,168076,180957,348,103,15286,292641,142714,149927,1077,954,92.1,93.85,90.5,"8.8932118,76.6141396",39521,17708,21813
"283","Korba",22,"CHHATTISGARH",5,415,188514,174696,405,166,21928,267900,151701,116199,927,936,84.28,91.89,76.06,"22.3594501,82.7500595",38726,23427,15299
"284","Kota",8,"RAJASTHAN",29,4,529795,471570,51,306,55181,738795,422767,316028,890,876,83.65,90.56,75.9,"25.2138156,75.8647527",128652,73452,55200
"285","Kozhikode",32,"KERALA",4,431,206494,225603,391,150,20366,378033,181451,196582,1093,960,96.8,97.93,95.78,"11.2587531,75.78041",61225,27701,33524
"286","Krishnanagar",19,"WEST BENGAL",10,216,76700,75503,17,269,5170,128574,66262,62312,984,919,90.92,93.23,88.6,"23.4008744,88.5013962",21326,12541,8785
"287","Kulti",19,"WEST BENGAL",9,394,163819,150158,361,120,16054,214889,123380,91509,917,927,76.58,84.22,68.24,"23.7370306,86.8370937",19371,12890,6481
"288","Kumbakonam",33,"TAMIL NADU",19,183,69350,70763,55,294,5940,117500,60262,57238,1020,985,91.7,95.17,88.3,"10.9616945,79.3881132",16862,9458,7404
"289","Kurichi",33,"TAMIL NADU",31,142,63033,62767,58,297,5981,102816,53578,49238,996,979,90.42,94.13,86.71,"11.5707716,77.6966143",13160,6926,6234
"290","Kurnool",28,"ANDHRA PRADESH",21,430,211875,213045,401,160,21389,297490,158744,138746,1006,935,78.15,83.99,72.39,"15.8281257,78.0372792",60589,37618,22971
"291","Lakhimpur",9,"UTTAR PRADESH",22,214,81050,70960,181,435,7595,114526,63317,51209,876,872,84.39,87.53,80.82,"27.9490794,80.7824012",25967,15036,10931
"292","Lalitpur",9,"UTTAR PRADESH",36,166,69548,63493,179,422,7780,98108,55330,42778,913,925,83.96,90.5,76.78,"24.6878597,78.4120206",17013,10255,6758
"293","Latur",27,"MAHARASHTRA",28,418,198151,184603,406,168,21049,291226,160070,131156,932,850,86.43,92.32,80.19,"18.4087934,76.5603828",42355,27669,14686
"294","Loni",9,"UTTAR PRADESH",9,452,273859,238437,452,213,35781,328096,194048,134048,871,885,75.24,83.14,66.15,"28.7316438,77.3008506",15572,10092,5480
"295","Lucknow",9,"UTTAR PRADESH",26,372,1470133,1345468,324,87,133127,2147564,1161250,986314,915,901,84.72,87.81,81.36,"26.8466937,80.946166",596990,326431,270559
"296","Ludhiana",3,"PUNJAB",7,233,874773,739105,206,460,80529,1230218,691161,539057,845,871,85.38,88.35,81.85,"30.900965,75.8572758",211267,104104,107163
"297","Machilipatnam",28,"ANDHRA PRADESH",16,253,83561,86447,119,354,6702,130173,66337,63836,1035,947,83.32,86.73,80.05,"16.1905457,81.1361543",19872,11957,7915
"298","Madanapalle",28,"ANDHRA PRADESH",23,173,67432,68237,107,348,6504,99486,52994,46492,1012,937,81.4,87.61,75.31,"13.5603491,78.5036065",16385,10050,6335
"299","Madavaram",33,"TAMIL NADU",1,111,59631,58894,52,295,5786,96308,50467,45841,988,957,90.27,94.19,86.32,"13.147819,80.2309861",18525,10179,8346
"300","Madhyamgram",19,"WEST BENGAL",11,299,100611,98353,153,395,7479,165630,86682,78948,978,963,90.16,93.37,86.88,"22.6925015,88.465448",27584,16352,11232
"301","Madurai",33,"TAMIL NADU",22,16,509313,507572,474,233,44712,845990,440419,405571,997,956,91.42,95.22,87.62,"9.9252007,78.1197754",129719,73889,55830
"302","Mahbubnagar",28,"ANDHRA PRADESH",7,230,79423,78479,194,437,8030,119626,64187,55439,988,917,84.77,90.84,78.69,"16.7375089,78.0081221",30286,18972,11314
"303","Mahesana",24,"GUJARAT",4,280,97212,86921,207,483,7499,151773,83642,68131,894,762,90.99,95.73,85.78,"23.5879607,72.3693252",27191,16287,10904
"304","Maheshtala",19,"WEST BENGAL",17,436,231044,218379,397,154,21259,335440,179762,155678,945,957,82.63,86.08,78.98,"22.511976,88.2509941",33247,19939,13308
"305","Mainpuri",9,"UTTAR PRADESH",17,100,61481,55846,132,393,6565,88548,48215,40333,908,849,85.95,89.71,81.84,"27.2177405,79.1096901",18745,10865,7880
"306","Malegaon",27,"MAHARASHTRA",20,441,239243,231763,449,209,36107,343611,181084,162527,969,941,86.66,90.16,83.07,"20.5547497,74.5100291",22830,13345,9485
"307","Malerkotla",3,"PUNJAB",19,172,71401,63929,183,419,7950,83606,47164,36442,895,950,70.25,74.82,65.1,"30.5232076,75.8882508",9767,5227,4540
"308","Mandoli",7,"NCT OF DELHI",3,121,64123,56222,180,429,7665,84053,48535,35518,877,897,80.72,87.33,73.15,"28.7041396,77.313921",7274,4596,2678
"309","Mandsaur",23,"MADHYA PRADESH",16,187,72370,69098,167,416,7439,109135,59436,49699,955,898,86.79,92.74,80.6,"24.076836,75.0692952",18225,10920,7305
"310","Mandya",29,"KARNATAKA",19,177,68748,68987,102,339,6443,105938,55442,50496,1003,944,85.11,89.54,80.74,"12.5221567,76.9009191",16203,9858,6345
"311","Mangalore",29,"KARNATAKA",21,444,240651,244134,390,152,19986,416863,211482,205381,1014,930,94.03,96.49,91.63,"12.9141417,74.8559568",78097,39002,39095
"312","Mango",20,"JHARKHAND",12,332,116243,107759,326,86,13489,169548,92914,76634,927,913,86.62,91.56,81.29,"22.834024,86.219577",28682,17145,11537
"313","Mathura",9,"UTTAR PRADESH",14,410,186586,162750,393,157,19352,235976,134597,101379,872,859,76.75,82.05,70.7,"27.4924134,77.673673",44357,26068,18289
"314","Maunath Bhanjan",9,"UTTAR PRADESH",61,369,143273,135787,386,144,19831,187382,102802,84580,948,952,78.6,83.95,72.94,"25.9496379,83.5586445",20775,12297,8478
"315","Medinipur",19,"WEST BENGAL",18,250,85362,83765,133,370,7106,139303,72948,66355,981,979,90.01,93.4,86.56,"22.4308892,87.3214908",28498,17243,11255
"316","Meerut",9,"UTTAR PRADESH",7,162,689567,619456,187,439,75343,889729,499928,389801,898,851,77.7,83.18,71.64,"28.9844618,77.7064137",174025,95192,78833
"317","Mira Bhayander",27,"MAHARASHTRA",21,479,434330,380325,463,226,39550,684165,375671,308494,876,885,93.67,96.41,90.53,"19.2952325,72.8543897",118506,65979,52527
"318","Miryalaguda",28,"ANDHRA PRADESH",8,27,52048,51807,6,251,5078,76693,41697,34996,995,948,82.09,89.3,74.89,"16.8753106,79.5659633",13377,8688,4689
"319","Mirzapur-cum-Vindhyachal",9,"UTTAR PRADESH",68,342,125003,108688,322,88,12995,161128,92423,68705,869,879,78.25,83.85,71.8,"25.1336987,82.5644344",25846,16225,9621
"320","Modinagar",9,"UTTAR PRADESH",9,159,69179,60982,128,405,6206,104383,58282,46101,882,778,90,95.23,84.16,"28.8316307,77.5779592",24695,13484,11211
"321","Moga",3,"PUNJAB",8,208,79760,70672,160,418,7154,110764,60698,50066,886,857,82.09,85,78.82,"30.8164603,75.1717093",17762,8356,9406
"322","Moradabad",9,"UTTAR PRADESH",4,488,466432,423378,27,278,52377,550637,302447,248190,908,903,70.65,74.05,66.9,"28.8386481,78.7733286",91999,48955,43044
"323","Morena",23,"MADHYA PRADESH",2,300,108405,92101,312,83,11818,139903,83531,56372,850,807,80.38,89.08,70.22,"26.4933562,77.9909949",21351,14504,6847
"324","Morvi",24,"GUJARAT",9,286,97860,90418,273,36,10118,140779,77826,62953,924,862,84.59,90.37,78.4,"22.8119895,70.8236195",15195,8441,6754
"325","Motihari",10,"BIHAR",2,137,67438,57745,184,444,7434,94926,52904,42022,856,836,87.2,90.36,83.52,"26.6469624,84.9088938",19550,13634,5916
"326","Mughalsarai",9,"UTTAR PRADESH",65,62,57925,52185,124,376,6620,79611,45305,34306,901,897,82.83,89.63,75.29,"25.2814947,83.1198203",11758,7244,4514
"327","Muktsar",3,"PUNJAB",10,97,62005,55080,113,381,6191,79979,45007,34972,888,831,77.31,82.5,71.53,"30.4766391,74.511172",11785,5931,5854
"328","Munger",10,"BIHAR",24,317,113173,99928,334,96,13937,150435,84571,65864,883,910,81.83,86.43,76.59,"25.3747561,86.4735251",19988,13825,6163
"329","Murwara",23,"MADHYA PRADESH",33,328,115463,106412,305,64,11869,171966,94777,77189,922,892,87.42,92.77,81.64,"23.7473807,80.365865",27011,15456,11555
"330","Mustafabad",7,"NCT OF DELHI",3,149,66754,60258,247,4,9194,81915,47714,34201,903,903,76.1,84.33,66.98,"28.7113968,77.2681086",4462,2950,1512
"331","Muzaffarnagar",9,"UTTAR PRADESH",2,421,206902,185549,413,177,22291,278405,154902,123503,897,844,80.99,85.82,75.65,"29.4726817,77.7085091",58965,31729,27236
"332","Muzaffarpur",10,"BIHAR",14,412,186145,165693,395,155,19989,263638,145548,118090,890,897,85.16,88.83,81.05,"26.1208876,85.3647201",61914,40575,21339
"333","Mysore",29,"KARNATAKA",23,487,443813,443633,453,212,37882,702896,363157,339739,1000,945,86.84,89.96,83.73,"12.2958104,76.6393805",149306,85019,64287
"334","Nabadwip",19,"WEST BENGAL",10,141,65300,60228,462,220,4059,102793,55569,47224,922,938,87.75,91.14,84.07,"23.4036446,88.3676393",10083,6492,3591
"335","Nadiad",24,"GUJARAT",16,323,112381,105769,256,24,9190,174931,94468,80463,941,851,88.28,93,83.31,"22.6915853,72.8633635",27432,16224,11208
"336","Nagaon",18,"ASSAM",6,92,59021,57334,37,265,5814,98068,52690,45378,971,1043,93.43,98.58,88.08,"26.3463713,92.6840426",15273,8798,6475
"337","Nagapattinam",33,"TAMIL NADU",17,22,50809,52029,34,283,5450,81913,42374,39539,1024,930,89.49,94.27,84.89,"10.7656082,79.8423888",8469,4900,3569
"338","Nagaur",8,"RAJASTHAN",14,8,52220,48398,86,343,6060,64028,37179,26849,927,876,73.05,82.06,63.42,"27.1991222,73.740924",7812,5384,2428
"339","Nagda",23,"MADHYA PRADESH",18,2,51410,48626,28,282,5213,72618,40765,31853,946,893,81.61,89.46,73.37,"23.4454599,75.4169918",9844,5707,4137
"340","Nagercoil",33,"TAMIL NADU",28,333,110132,114197,242,474,9435,195748,97545,98203,1037,983,95.35,97.03,93.74,"8.1832857,77.4118996",34342,17826,16516
"341","Nagpur",27,"MAHARASHTRA",9,346,1226610,1178811,289,48,114014,2018598,1060359,958239,961,921,93.13,96.16,89.99,"21.1458004,79.0881546",382282,201349,180933
"342","Naihati",19,"WEST BENGAL",11,327,112773,108989,209,452,8385,183458,96626,86832,966,926,89.79,93.16,86.31,"22.8928724,88.4220324",23181,13877,9304
"343","Nalgonda",28,"ANDHRA PRADESH",8,171,67749,67414,110,344,6638,105885,56100,49785,995,959,87.08,92.23,81.92,"17.0575707,79.2620294",26575,16916,9659
"344","Nanded Waghala",27,"MAHARASHTRA",15,458,286152,264412,444,205,31764,421606,231449,190157,924,872,87.4,92.68,81.74,"19.1428869,77.303723",57736,38146,19590
"345","Nandurbar",27,"MAHARASHTRA",1,67,57543,53524,75,340,5753,85635,46673,38962,930,838,86.99,92.1,81.56,"21.7468548,74.123996",11451,7441,4010
"346","Nandyal",28,"ANDHRA PRADESH",21,302,100770,99976,265,21,9865,138525,75749,62776,992,920,76.89,84.12,69.67,"15.4785694,78.4830934",22411,14540,7871
"347","Nangloi Jat",7,"NCT OF DELHI",7,308,110068,95429,327,93,13059,147805,85448,62357,867,858,83.4,90.08,75.7,"28.6841206,77.0632942",12692,7779,4913
"348","Narasaraopet",28,"ANDHRA PRADESH",17,90,58898,57431,7,255,5055,84123,45796,38327,975,938,79.45,85.59,73.18,"16.2353506,80.0479039",13872,8984,4888
"349","Nashik",27,"MAHARASHTRA",20,206,784995,701978,198,456,78296,1198144,658585,539559,894,856,90.96,94.96,86.51,"19.9974533,73.7898023",204014,116855,87159
"350","Navi Mumbai",27,"MAHARASHTRA",21,73,611501,507976,71,318,58785,911542,519257,392285,831,901,91.57,95.05,87.33,"19.0330488,73.0296625",192624,107448,85176
"351","Navi Mumbai Panvel Raigarh",27,"MAHARASHTRA",24,290,107771,87228,308,70,12046,153608,88833,64775,809,884,90.72,94.36,86.16,"18.9894007,73.1175162",22631,13561,9070
"352","Navsari",24,"GUJARAT",23,232,82925,77175,168,423,7327,128822,69437,59385,931,869,89.25,93.21,85.02,"20.9467019,72.9520348",17425,9219,8206
"353","Neemuch",23,"MADHYA PRADESH",15,153,67322,60786,150,399,7141,97156,54829,42327,903,914,85.86,92.13,78.9,"24.4763852,74.8624092",16428,9669,6759
"354","Nellore",28,"ANDHRA PRADESH",19,448,257043,248215,394,153,20340,387192,205988,181204,966,937,83.59,87.53,79.52,"14.4425987,79.986456",67787,42377,25410
"355","New Delhi",7,"NCT OF DELHI",99,351,136438,113560,267,29,9699,208352,118453,89899,832,869,90.93,94.55,86.56,"28.6139,77.2090",63573,35345,28228
"356","Neyveli",33,"TAMIL NADU",16,39,53442,52245,441,202,3138,90114,47876,42238,978,898,90.98,95.86,86.01,"11.5432364,79.4760133",18507,9716,8791
"357","Nizamabad",28,"ANDHRA PRADESH",2,391,155163,155304,366,125,16848,221829,119603,102226,1001,968,80.31,86.82,73.83,"18.6725047,78.0940867",34574,22062,12512
"358","Noida",9,"UTTAR PRADESH",10,470,352577,289804,460,225,39037,495045,286216,208829,822,877,88.58,92.9,83.28,"28.5355161,77.3910265",143014,80692,62322
"359","North Barrackpur",19,"WEST BENGAL",11,170,68136,66689,458,216,3955,119954,61810,58144,979,918,94.78,96.84,92.68,"22.7902358,88.367179",23047,13155,9892
"360","North Dum Dum",19,"WEST BENGAL",11,354,128620,125005,205,440,8419,217371,112967,104404,972,949,91.98,94.34,89.55,"22.6658076,88.4258483",40842,24007,16835
"361","Ongole",28,"ANDHRA PRADESH",18,306,101728,101098,236,477,9022,153888,82322,71566,994,935,83.57,89.41,77.72,"15.5057232,80.049922",32491,20610,11881
"362","Orai",9,"UTTAR PRADESH",34,284,99564,87621,257,26,9172,139256,79478,59778,880,845,83.31,89.6,76.2,"26.00864,79.4478858",29393,18954,10439
"363","Osmanabad",27,"MAHARASHTRA",29,76,58098,53987,105,362,6162,87041,47577,39464,929,858,88.15,93.45,82.52,"18.2069636,76.1783739",14303,9459,4844
"364","Ozhukarai",34,"PUDUCHERRY",2,386,148154,151874,333,90,14304,244264,126663,117601,1025,959,90.2,95.06,85.48,"11.9475611,79.7793932",50682,28317,22365
"365","Palakkad",32,"KERALA",6,163,63833,67186,48,287,5684,112479,56065,56414,1053,959,94.2,96.83,91.73,"10.7867303,76.6547932",16827,8436,8391
"366","Palanpur",24,"GUJARAT",2,150,66384,60741,135,400,6572,97459,55139,42320,915,841,86.44,94.14,78.13,"24.174051,72.4330989",15127,9802,5325
"367","Pali",8,"RAJASTHAN",20,340,120008,109948,341,107,14309,156858,92705,64153,916,880,78.67,89.35,67.08,"25.7710893,73.3234478",16234,10768,5466
"368","Pallavaram",33,"TAMIL NADU",3,321,108381,107927,268,16,10351,182201,93828,88373,996,978,93.26,95.94,90.57,"12.9673484,80.1526888",50503,27872,22631
"369","Palwal",6,"HARYANA",21,152,67887,60044,166,431,7048,90937,52028,38909,884,818,81,87.78,73.42,"28.1487362,77.3320262",15837,9276,6561
"370","Panchkula",6,"HARYANA",1,313,111622,98553,276,41,10087,165235,90938,74297,883,839,87.86,91.31,83.98,"30.6942091,76.860565",62655,32821,29834
"371","Panihati",19,"WEST BENGAL",11,419,193333,190189,299,52,12079,332924,171788,161136,984,959,92.78,95.05,90.47,"22.6983108,88.3991789",58667,34203,24464
"372","Panipat",6,"HARYANA",7,384,157302,136848,372,135,16231,218023,122629,95394,870,843,84.29,88.83,79.09,"29.3909464,76.9635023",37873,19231,18642
"373","Panvel",27,"MAHARASHTRA",24,271,93135,87329,210,459,8299,153138,80790,72348,938,901,93.98,96.27,91.54,"18.9894007,73.1175162",39613,20964,18649
"374","Parbhani",27,"MAHARASHTRA",17,389,157628,149563,384,148,18888,225298,123760,101538,949,891,84.34,90.71,77.7,"19.2609958,76.776665",30035,19600,10435
"375","Patan",24,"GUJARAT",3,140,65628,59874,66,325,5698,99129,55294,43835,912,865,87.56,93.66,80.91,"23.8493246,72.1266255",13430,8422,5008
"376","Pathankot",3,"PUNJAB",1,205,77833,70524,108,384,6008,119483,64673,54810,906,802,88.6,91.94,84.96,"32.2643375,75.6421121",24038,11974,12064
"377","Patiala",3,"PUNJAB",14,425,215606,189558,383,145,18097,316093,174291,141802,879,859,86.36,89.59,82.7,"30.3397809,76.3868797",86697,43389,43308
"378","Patna",10,"BIHAR",28,247,894158,789042,243,6,88288,1264523,694580,569943,882,864,84.71,87.71,81.33,"25.5940947,85.1375645",307603,199207,108396
"379","Pilibhit",9,"UTTAR PRADESH",20,161,68855,61573,49,299,5629,88119,48060,40059,894,917,74.26,76.63,71.61,"28.6207939,79.8128649",17508,9986,7522
"380","Pimpri Chinchwad",27,"MAHARASHTRA",25,257,945953,783406,271,35,100274,1374986,784984,590002,828,861,90.9,94.63,86.37,"18.6297811,73.7997094",249581,141573,108008
"381","Pithampur",23,"MADHYA PRADESH",21,144,70577,55522,262,27,9566,87417,54030,33387,787,880,82.73,90.49,72.65,"22.613252,75.6822899",5150,3657,1493
"382","Porbandar",24,"GUJARAT",11,215,78490,73646,123,379,6452,119545,65171,54374,938,870,86.46,91.69,80.92,"21.6417069,69.6292654",9853,5671,4182
"383","Port Blair",35,"ANDAMAN & NICOBAR ISLANDS",3,7,53247,47361,476,238,4506,81908,44908,37000,889,929,89.76,92.79,86.34,"11.6233774,92.7264828",12420,6717,5703
"384","Proddatur",28,"ANDHRA PRADESH",20,235,81368,81448,162,407,7517,115011,63111,51900,1001,940,78.08,86.02,70.2,"14.7491864,78.5531577",18151,11844,6307
"385","Puducherry",34,"PUDUCHERRY",2,347,118205,123568,277,31,11167,195861,100419,95442,1045,993,89.29,93.88,84.91,"11.9138598,79.8144722",37830,21086,16744
"386","Pudukkottai",33,"TAMIL NADU",20,99,58601,58614,20,264,5287,98054,50798,47256,1000,950,92.19,95.78,88.62,"10.379663,78.8208454",15104,8275,6829
"387","Pune",27,"MAHARASHTRA",25,392,1602137,1513294,357,115,153420,2556743,1361257,1195486,945,896,91.61,95.13,87.91,"18.5204303,73.8567437",656508,349022,307486
"388","Puri",21,"ORISSA",18,304,104267,96759,199,445,8061,164481,88504,75977,928,902,89.38,92.84,85.66,"19.8133822,85.8314655",27062,16978,10084
"389","Purnia",10,"BIHAR",9,371,148021,132526,389,146,19965,178381,100735,77646,895,947,74.48,79.36,68.98,"25.7771391,87.4752551",28193,19787,8406
"390","Puruliya",19,"WEST BENGAL",14,125,62520,58916,42,284,5614,90534,50276,40258,942,955,82.34,88.76,75.53,"23.3320779,86.365208",14793,9581,5212
"391","Rae Bareli",9,"UTTAR PRADESH",27,288,99844,91212,241,486,8980,142863,78519,64344,914,908,82.97,87.28,78.25,"26.2345298,81.2408689",34959,20169,14790
"392","Raichur",29,"KARNATAKA",5,341,117408,115048,323,77,13638,158452,86973,71479,980,955,77.47,84.34,70.49,"16.2120031,77.3439283",22445,14425,8020
"393","Raiganj",19,"WEST BENGAL",4,279,96589,87093,264,15,9971,133215,72475,60740,902,943,81.66,84.26,78.76,"25.6185295,88.1255837",16788,10419,6369
"394","Raigarh",22,"CHHATTISGARH",4,175,70234,66863,190,432,7939,105512,57679,47833,952,919,87.55,93.64,81.18,"21.8974003,83.3949632",20161,12214,7947
"395","Raipur",22,"CHHATTISGARH",11,10,519286,490801,72,312,59949,769593,420155,349438,945,929,86.9,92.39,81.1,"21.2513844,81.6296413",147194,84384,62810
"396","Rajahmundry",28,"ANDHRA PRADESH",14,407,169786,174117,338,92,14731,264653,136288,128365,1026,972,84.28,88.14,80.54,"17.0005383,81.8040345",53604,32901,20703
"397","Rajapalayam",33,"TAMIL NADU",24,158,64624,65495,9,253,5133,103172,54622,48550,1013,956,86.25,92.18,80.43,"9.4653377,77.5275463",11024,6514,4510
"398","Rajarhat Gopalpur",19,"WEST BENGAL",11,424,205560,199431,365,123,16734,337188,175680,161508,970,964,90.91,93.34,88.4,"22.6321975,88.4540911",73182,42023,31159
"399","Rajkot",24,"GUJARAT",9,156,675731,611264,98,364,59702,1026040,559369,466671,905,828,88.82,92.67,84.61,"22.3038945,70.8021599",148048,78946,69102
"400","Rajnandgaon",22,"CHHATTISGARH",9,236,81873,81249,237,475,9067,127042,68134,58908,992,943,87.95,94.29,81.61,"21.0971034,81.0302222",19640,11324,8316
"401","Rajpur Sonarpur",19,"WEST BENGAL",17,429,215983,207823,350,106,15402,357154,188374,168780,962,952,91.06,94.28,87.71,"22.4490894,88.3914731",68707,40399,28308
"402","Ramagundam",28,"ANDHRA PRADESH",3,339,116920,112712,197,446,8021,160646,89722,70924,964,897,75.54,83.1,67.75,"18.7595503,79.4816378",27209,17266,9943
"403","Rampur",9,"UTTAR PRADESH",5,401,169826,155422,380,137,18209,174508,95157,79351,915,923,60.74,63.4,57.83,"25.4842209,82.5916032",30319,16005,14314
"404","Ranchi",20,"JHARKHAND",19,50,559031,514409,63,311,57907,841652,459317,382335,920,899,88.49,92.87,83.75,"23.3440997,85.309562",200849,120922,79927
"405","Ranibennur",29,"KARNATAKA",10,43,53933,52432,44,289,5590,85298,43234,42064,972,934,89.98,90.16,89.8,"14.6113428,75.6382657",9747,6122,3625
"406","Raniganj",19,"WEST BENGAL",9,155,67150,61474,148,394,7074,89293,50250,39043,915,912,78.47,84.61,71.77,"23.6290575,87.0923906",9719,6225,3494
"407","Ratlam",23,"MADHYA PRADESH",17,361,135007,129803,328,89,13633,207742,111921,95821,961,922,87.88,93.09,82.48,"23.3341696,75.0376325",36589,20861,15728
"408","Raurkela Industrial Township",21,"ORISSA",5,314,109823,100589,261,25,9582,164546,90631,73915,916,886,86.6,91.54,81.22,"22.1993143,84.8620054",22887,12544,10343
"409","Raurkela Town",21,"ORISSA",5,364,144949,128268,331,95,13753,214744,119761,94983,885,899,87.95,92.37,82.94,"22.260423,84.8535844",38314,22541,15773
"410","Rewa",23,"MADHYA PRADESH",13,343,124634,110788,294,63,11103,185291,103599,81692,889,846,87.74,92.91,81.95,"24.5372927,81.30418",41109,25406,15703
"411","Rewari",6,"HARYANA",17,185,74689,66175,173,447,7028,110205,61933,48272,886,785,88.25,94.22,81.61,"28.1927631,76.6239423",22539,12960,9579
"412","Rishra",19,"WEST BENGAL",12,133,66767,57818,41,292,5415,100581,56155,44426,866,900,88.89,92.43,84.78,"22.7244023,88.3287896",14585,9452,5133
"413","Robertson Pet",29,"KARNATAKA",27,201,72378,74050,104,327,6703,119258,61304,57954,1023,1013,89.6,93.23,86.05,"12.9551189,78.2698622",13400,7030,6370
"414","Rohtak",6,"HARYANA",14,416,197754,175379,387,158,18004,279509,155679,123830,887,793,84.08,88.94,78.68,"28.8955152,76.606611",65881,35890,29991
"415","Roorkee",5,"UTTARAKHAND",13,105,63508,54680,46,307,5259,96674,53928,42746,861,830,90.7,94.33,86.49,"29.8542626,77.8880002",30594,16630,13964
"416","Rudrapur",5,"UTTARAKHAND",12,186,74276,66608,252,8,9385,88700,51407,37293,897,907,73.21,80.41,65.17,"28.9875082,79.4141214",14678,8208,6470
"417","S.A.S. Nagar",3,"PUNJAB",18,199,76441,69663,97,350,6180,123930,66100,57830,911,886,93.22,95.15,91.1,"30.6496486,76.7567368",57323,30110,27213
"418","Sagar",23,"MADHYA PRADESH",10,365,142655,130702,354,110,15446,217632,119068,98564,916,924,90.23,94.55,85.52,"23.838805,78.7378068",39717,23428,16289
"419","Saharanpur",9,"UTTAR PRADESH",1,476,371858,331487,469,234,41477,479218,265417,213801,891,882,77.94,81.71,73.72,"29.967079,77.5510172",80749,42772,37977
"420","Saharsa",10,"BIHAR",12,224,82589,72586,297,56,11768,101425,58689,42736,879,918,77.66,84.11,70.27,"25.8834961,86.6006249",18307,13209,5098
"421","Salem",33,"TAMIL NADU",7,480,418337,412701,447,207,35766,642662,341725,300937,987,955,84.8,89.72,79.84,"11.664325,78.1460142",93297,54325,38972
"422","Sambalpur",21,"ORISSA",3,278,94627,88756,230,484,8698,141329,76545,64784,938,882,85.74,90.3,80.92,"21.4668716,83.9811665",26095,16194,9901
"423","Sambhal",9,"UTTAR PRADESH",4,326,116008,105326,367,127,16577,92608,51382,41226,908,936,49.51,52.27,46.45,"28.5903614,78.5717631",10580,5780,4800
"424","Sangli Miraj Kupwad",27,"MAHARASHTRA",35,446,255270,247427,420,181,24012,397395,212703,184692,969,872,88.08,93.39,82.67,"16.8541887,74.6049061",60752,34112,26640
"425","Santipur",19,"WEST BENGAL",10,212,77044,74730,87,322,6410,113028,60420,52608,970,976,81.43,85.73,77,"23.2645399,88.4380966",7213,4725,2488
"426","Sasaram",10,"BIHAR",32,204,77687,69709,246,5,9174,105378,58900,46478,897,900,82.31,87.26,76.78,"24.949036,84.0314295",18844,13181,5663
"427","Satara",27,"MAHARASHTRA",31,119,61075,59004,26,281,5190,101320,53241,48079,966,890,92.91,96.38,89.34,"17.6804639,74.018261",22292,12269,10023
"428","Satna",23,"MADHYA PRADESH",12,370,147924,132324,352,113,14835,214468,120464,94004,895,873,86.33,92,80.01,"24.6005075,80.8322428",37695,23396,14299
"429","Sawai Madhopur",8,"RAJASTHAN",10,123,63223,57775,154,414,7116,85472,50438,35034,914,871,80.85,91.62,69.16,"26.0377772,76.3521514",13480,8980,4500
"430","Secunderabad",28,"ANDHRA PRADESH",5,318,111664,102034,254,2,9689,170148,92956,77192,914,958,87.75,91.54,83.59,"17.4399295,78.4982741",42492,23836,18656
"431","Sehore",23,"MADHYA PRADESH",28,58,56284,52534,83,335,6116,82066,44937,37129,933,907,85.52,90.71,79.99,"23.205012,77.0850781",13887,8074,5813
"432","Seoni",23,"MADHYA PRADESH",39,17,52354,50023,4,257,4946,83832,44862,38970,955,905,91.16,95.68,86.45,"22.0868691,79.5434841",16335,9574,6761
"433","Serampore",19,"WEST BENGAL",12,277,94514,88825,81,320,6270,153460,81592,71868,940,958,89.99,92.75,87.05,"22.748331,88.3385053",30060,17706,12354
"434","Shahjahanpur",9,"UTTAR PRADESH",21,403,173133,154842,375,136,17186,200804,112011,88793,894,885,68.92,72.87,64.5,"27.8295801,79.8296743",33510,18302,15208
"435","Shamli",9,"UTTAR PRADESH",2,48,57236,49997,116,386,6090,76650,43469,33181,874,798,81.97,87.64,75.57,"29.4507575,77.3152116",13343,7245,6098
"436","Shikohabad",9,"UTTAR PRADESH",16,49,57017,50283,85,357,5850,77060,43030,34030,882,823,81.68,86.21,76.59,"27.1061756,78.5881674",15351,9119,6232
"437","Shillong",17,"MEGHALAYA",6,191,70028,72979,120,359,6672,119313,59420,59893,1042,937,92.34,94.46,90.33,"25.5714,91.8848",25113,12466,12647
"438","Shimla",2,"HIMACHAL PRADESH",11,252,93364,76394,114,365,6425,147799,82486,65313,818,890,94.67,95.75,93.35,"31.1048145,77.1734033",43353,23822,19531
"439","Shimoga",29,"KARNATAKA",14,400,161978,160450,351,105,15496,255971,133191,122780,991,961,88.02,91.32,84.7,"13.9299299,75.568101",37463,21835,15628
"440","Shivpuri",23,"MADHYA PRADESH",6,270,95227,84745,281,44,10608,124641,72107,52534,890,879,79.24,86.72,70.86,"25.4357869,77.665066",22320,13796,8524
"441","Sikar",8,"RAJASTHAN",13,345,123156,114423,355,117,14953,158413,91403,67010,929,868,77.13,86.29,67.37,"27.6094,75.139911",20786,13799,6987
"442","Silchar",18,"ASSAM",17,255,86812,85897,159,406,7490,144255,74082,70173,989,939,91.74,93.97,89.5,"24.8332708,92.7789054",22274,12716,9558
"443","Siliguri",19,"WEST BENGAL",99,451,261218,248491,410,169,23227,394366,209792,184574,951,928,85.46,88.82,81.94,"26.7271012,88.3952861",65003,38470,26533
"444","Singrauli",23,"MADHYA PRADESH",46,325,117276,103019,336,97,14131,147527,87870,59657,878,915,77.35,86.28,67.11,"24.1992101,82.6645469",18047,11646,6401
"445","Sirsa",6,"HARYANA",11,276,96806,86476,259,30,9000,135435,75796,59639,893,806,83.03,88.5,76.98,"29.5335931,75.0177029",24453,13473,10980
"446","Sitapur",9,"UTTAR PRADESH",23,266,93410,83941,229,485,8658,131995,72197,59798,899,877,83.11,86.42,79.43,"27.5325072,80.8986502",28003,15740,12263
"447","Siwan",10,"BIHAR",16,169,70670,63788,212,467,8192,98898,56152,42746,903,868,84.65,91.71,76.89,"26.2196205,84.3566593",14545,9727,4818
"448","Solapur",27,"MAHARASHTRA",30,491,482194,468924,8,258,49738,710180,390335,319845,972,909,83.88,91.31,76.3,"17.6599188,75.9063906",88638,54159,34479
"449","Sonipat",6,"HARYANA",8,368,147933,129120,343,116,13577,215609,121821,93788,873,788,87.56,93.21,81.17,"28.9287735,77.091281",46858,25676,21182
"450","South Dum Dum",19,"WEST BENGAL",11,427,206558,203966,316,72,13166,356092,183454,172638,987,959,92.82,95.14,90.48,"22.6059435,88.3967536",102942,57940,45002
"451","Srikakulam",28,"ANDHRA PRADESH",11,143,62583,63420,24,272,5315,97904,52029,45875,1013,935,85.13,91.44,78.95,"18.4285005,84.0167423",21745,14125,7620
"452","Srinagar",1,"JAMMU & KASHMIR",10,117,631916,560876,147,402,68885,741441,428915,312526,888,869,70.98,77.61,63.52,"34.0836708,74.7972825",135783,75825,59958
"453","Sujangarh",8,"RAJASTHAN",4,14,52078,49450,146,396,6948,64716,37914,26802,950,894,74.55,85.58,63.06,"27.7044756,74.4642861",5284,3664,1620
"454","Sultan Pur Majra",7,"NCT OF DELHI",1,273,95816,85808,295,58,11412,125557,72458,53099,896,889,79.78,87.33,71.37,"28.6958531,77.0805496",7390,4719,2671
"455","Sultanpur",9,"UTTAR PRADESH",48,54,56674,51240,33,288,5291,85656,46736,38920,904,886,88.63,92.18,84.7,"26.2647757,82.0727061",20475,12130,8345
"456","Surat",24,"GUJARAT",25,434,2538243,1923759,424,186,238314,3499228,2082588,1416640,758,813,89.03,92.76,84.05,"21.1702401,72.8310607",278795,160566,118229
"457","Surendranagar Dudhrej",24,"GUJARAT",8,267,92728,85099,232,489,8617,135879,75906,59973,918,863,85.34,91.73,78.41,"22.7201319,71.649536",17558,10540,7018
"458","Suryapet",28,"ANDHRA PRADESH",8,34,52138,53112,477,237,4566,81366,43143,38223,1019,947,84.88,91.18,78.74,"17.1353148,79.6333674",14203,9485,4718
"459","Tadepalligudem",28,"ANDHRA PRADESH",15,25,51176,52401,473,231,4386,78557,40283,38274,1024,941,83.1,86.6,79.71,"16.8138415,81.521241",11527,7258,4269
"460","Tadpatri",28,"ANDHRA PRADESH",22,56,54027,54222,35,279,5512,69948,39781,30167,1004,948,72.17,82.51,61.93,"14.9070274,78.0092703",8618,5762,2856
"461","Tambaram",33,"TAMIL NADU",3,263,90803,86004,175,404,8101,150667,79383,71284,947,1019,93.72,95.81,91.5,"12.9229153,80.1274558",35148,19571,15577
"462","Tenali",28,"ANDHRA PRADESH",17,239,81324,83325,92,328,6410,125275,64968,60307,1025,967,82.63,86.98,78.41,"16.2395313,80.6493396",22433,13780,8653
"463","Thane",27,"MAHARASHTRA",21,274,966293,852579,234,480,88242,1491552,817828,673724,882,900,91.36,94.19,88.14,"19.2183307,72.9780897",241148,129214,111934
"464","Thane",27,"MAHARASHTRA",21,274,966293,852579,234,480,88242,1491552,817828,673724,882,900,91.36,94.19,88.14,"19.2183307,72.9780897",215051,116615,98436
"465","Thanesar",6,"HARYANA",4,222,83655,71307,164,420,7193,119482,67646,51836,852,856,85.73,89.89,80.85,"29.9696148,76.8197522",32979,18192,14787
"466","Thanjavur",33,"TAMIL NADU",19,330,109291,113328,231,473,9003,186643,94696,91947,1037,940,91.48,94.97,88.14,"10.7869994,79.1378274",33652,18483,15169
"467","Thiruvananthapuram",32,"KERALA",14,478,364657,387833,434,191,30463,647479,316614,330865,1064,978,93.72,94.94,92.58,"8.5241391,76.9366376",151257,72759,78498
"468","Thoothukkudi",33,"TAMIL NADU",26,344,118039,119335,286,38,11579,202105,102369,99736,1011,976,94.47,96.42,92.56,"8.7641661,78.1348361",31795,16516,15279
"469","Thrissur",32,"KERALA",7,397,151999,163597,307,60,12299,282338,136694,145644,1076,950,97.24,98.31,96.26,"10.5276416,76.2144349",53535,24392,29143
"470","Tiruchirappalli",33,"TAMIL NADU",13,483,418128,428787,448,208,36515,705492,359975,345517,1025,964,91.32,94.66,88.08,"10.7904833,78.7046725",123329,67987,55342
"471","Tirunelveli",33,"TAMIL NADU",27,442,234643,240195,400,156,21477,391972,201509,190463,1024,954,90.98,94.99,87.08,"8.7139126,77.7566523",59397,33536,25861
"472","Tirupati",28,"ANDHRA PRADESH",23,378,145977,141058,298,59,11774,229730,123449,106281,966,915,87.55,92.74,82.21,"13.6287557,79.4191795",55454,34588,20866
"473","Tiruppur",33,"TAMIL NADU",32,433,227469,217074,403,162,22052,350206,189496,160710,954,957,87.67,92.69,82.41,"11.1085242,77.3410656",33358,18431,14927
"474","Tiruvannamalai",33,"TAMIL NADU",5,194,72351,72332,142,378,7117,106256,55585,50671,1000,960,81.64,85.6,77.7,"12.2252841,79.0746957",16502,9655,6847
"475","Tiruvottiyur",33,"TAMIL NADU",1,348,124852,123207,292,45,11822,197646,103197,94449,987,970,88.21,91.59,84.8,"13.1691914,80.3045793",25781,13493,12288
"476","Titagarh",19,"WEST BENGAL",11,108,63936,54490,19,273,5087,87356,50566,36790,852,888,81.18,86.87,74.47,"22.7382665,88.3737064",5643,3898,1745
"477","Tonk",8,"RAJASTHAN",22,240,84927,80436,285,46,10842,98819,57170,41649,947,883,69.47,78.7,59.85,"26.1620402,75.7894716",11776,7537,4239
"478","Tumkur",29,"KARNATAKA",17,388,155406,150415,337,94,14422,237424,123904,113520,968,947,85.97,88.39,83.47,"13.3709627,76.6412712",42163,25617,16546
"479","Udaipur",8,"RAJASTHAN",32,437,234681,217054,409,171,22014,366598,200051,166547,925,869,90.66,95.56,85.39,"24.585445,73.712479",92090,51475,40615
"480","Udgir",27,"MAHARASHTRA",28,28,54445,49618,94,345,6142,78051,43518,34533,911,886,85.78,91.59,79.43,"18.3942882,77.1126009",9924,6900,3024
"481","Udupi",29,"KARNATAKA",15,139,62031,63319,3,252,4919,108041,54690,53351,1021,917,93.89,96.51,91.35,"13.3408807,74.7421427",22444,11795,10649
"482","Ujjain",23,"MADHYA PRADESH",18,453,265291,249924,428,188,27623,391470,214481,176989,942,921,85.55,91.16,79.62,"23.1793013,75.7849097",72743,41616,31127
"483","Ulhasnagar",27,"MAHARASHTRA",21,449,270373,236564,411,173,23021,408959,227975,180984,875,903,89.21,93.1,84.75,"19.2215115,73.1644628",43561,23087,20474
"484","Uluberia",19,"WEST BENGAL",15,329,114144,108031,306,61,12196,159826,86210,73616,946,939,81.13,85.23,76.82,"22.4744363,88.1000377",11384,7234,4150
"485","Unnao",9,"UTTAR PRADESH",25,268,94080,84601,233,487,8655,134018,73411,60607,899,870,83.72,87.26,79.8,"26.5393449,80.4878195",27220,15670,11550
"486","Uttarpara Kotrung",19,"WEST BENGAL",12,234,82815,79571,31,280,5325,137869,71976,65893,961,916,91.16,93.48,88.75,"22.6768451,88.3385053",35773,20981,14792
"487","Vadodara",24,"GUJARAT",19,243,866701,800002,165,424,72173,1394952,747280,647672,923,856,92.37,95.51,88.99,"22.3071588,73.1812187",279959,153236,126723
"488","Valsad",24,"GUJARAT",24,87,58958,56029,482,245,4490,97687,51447,46240,950,877,92.7,95.56,89.72,"20.5992349,72.9342451",18980,10382,8598
"489","Varanasi",9,"UTTAR PRADESH",66,120,636860,564955,84,341,60419,859379,477807,381572,887,879,80.12,84.11,75.63,"25.3176452,82.9739144",172622,101440,71182
"490","Vasai Virar City",27,"MAHARASHTRA",21,129,649535,571698,117,361,65627,987916,548138,439778,880,915,91.15,94.86,86.9,"19.3919275,72.8397317",129954,70016,59938
"491","Vellore",33,"TAMIL NADU",4,282,91464,94431,225,462,9058,145192,75321,69871,1032,973,86.67,91.68,81.84,"12.9165167,79.1324986",15592,8912,6680
"492","Veraval",24,"GUJARAT",12,217,78161,75535,201,448,8104,106540,59874,46666,966,900,78,86.58,69.21,"20.9158979,70.3628516",10089,6246,3843
"493","Vidisha",23,"MADHYA PRADESH",26,225,81424,74535,245,3,9238,118678,65802,52876,915,913,86.88,92.29,80.98,"23.5251102,77.8081363",22023,13177,8846
"494","Vijayawada",28,"ANDHRA PRADESH",16,31,524918,523322,475,236,45266,789038,411677,377361,997,951,82.59,86.24,78.94,"16.5061743,80.6480153",135425,81146,54279
"495","Visakhapatnam",28,"ANDHRA PRADESH",13,258,875199,855121,170,410,77805,1298896,698959,599937,977,959,82.66,88.02,77.18,"17.6868,83.2185",250549,148824,101725
"496","Vizianagaram",28,"ANDHRA PRADESH",12,338,111596,115937,263,12,9992,169461,89155,80306,1039,952,81.85,88.18,75.8,"18.1066576,83.3955506",30656,19173,11483
"497","Warangal",28,"ANDHRA PRADESH",9,467,310400,309716,426,184,26958,475247,258111,217136,998,948,84.16,91.54,76.79,"17.9689008,79.5940544",109613,69507,40106
"498","Wardha",27,"MAHARASHTRA",8,38,53241,52302,486,247,4615,90091,46752,43339,982,898,94.05,97.19,90.88,"20.745319,78.6021946",19363,10645,8718
"499","Yamunanagar",6,"HARYANA",3,322,115404,101224,283,51,10349,166419,92164,74255,877,824,85.91,89.61,81.71,"30.1290485,77.2673901",29803,14349,15454
"500","Yavatmal",27,"MAHARASHTRA",14,95,58717,57997,29,286,5187,96980,50419,46561,988,880,91.81,95.45,88.17,"20.3887937,78.1204073",13511,7397,6114
